Account Name,Adjusted Cost,Adjusted Proceeds,Avg Buy Price,Avg Sell Price,Exit Efficiency,Best Exit,Best Exit Price,Best Exit Time,Bias,Close Date,Close Time,Commission,Confluence,Did Emotions Affect Decisions?,Duration,Emotions,Entry Logic Explanation,Entry Model,Entry Price,Executions,Exit Price,Gross P&L,How Did The Trade Play Out?,Trade Risk,Initial Target,Instrument,Spread Type,Mistakes,Net P&L,Net ROI,Notes For Coaches,Open Date,Open Time,Pips,Reward Ratio,Points,Position MAE,Position MFE,Price MAE,Price MFE,Profit Target   Did You Respect It?,Realized RR,Return Per Pip,Reviewed,Setups,Side,Status,Stop Loss   Did You Respect It?,Playbook,Symbol,Ticks Value,Ticks Per Contract,Fee,Swap,Rating,Quantity,Was Emotionally Stable?,What I Did Well,Zella Score
Robinhood • [Portfolio],19.99948809,0.0,19.49,0.0,,,,,"",2021-01-20,10:21:51 EST,0.0,"","",0.122882,"","","",19.51,3,,0.0,"",0.0,0.0,NKLA,stock,"",0.0,0.0,"",2021-01-20,10:21:51 EST,,,,,,,,"",,,false,"",long,OPEN,"","",NKLA,,,0.0,0.0,,1.026141,"","",
Robinhood • [Portfolio],6.998997465,0.0,2.799,0.0,,,,,"",2021-01-20,11:15:25 EST,0.0,"","",0.0,"","","",2.7994,1,,0.0,"",0.0,0.0,NBEVQ,stock,"",0.0,0.0,"",2021-01-20,11:15:25 EST,,,,,,,,"",,,false,"",long,OPEN,"","",NBEVQ,,,0.0,0.0,,2.500535,"","",
Robinhood • [Portfolio],7.756,0.0,1.939,0.0,,,,,"",2021-01-22,14:18:08 EST,0.0,"","",0.0,"","","",1.939,2,,0.0,"",0.0,0.0,NEPT,stock,"",0.0,0.0,"",2021-01-22,14:18:08 EST,,,,,,,,"",,,false,"",long,OPEN,"","",NEPT,,,0.0,0.0,,4.0,"","",
Robinhood • [Portfolio],12.56,0.0,12.56,0.0,,,,,"",2021-01-22,14:19:04 EST,0.0,"","",0.0,"","","",12.56,1,,0.0,"",0.0,0.0,VFF,stock,"",0.0,0.0,"",2021-01-22,14:19:04 EST,,,,,,,,"",,,false,"",long,OPEN,"","",VFF,,,0.0,0.0,,1.0,"","",
Robinhood • [Portfolio],5.7845,0.0,23.138,0.0,,,,,"",2021-01-25,11:16:08 EST,0.0,"","",341333.477342,"","","",23.545,2,,0.0,"",0.0,0.0,CNBS,stock,"",0.0,0.0,"",2021-01-21,12:27:15 EST,,,,,,,,"",,,false,"",long,OPEN,"","",CNBS,,,0.0,0.0,,0.25,"","",
Robinhood • [Portfolio],19.08,0.0,9.54,0.0,,,,,"",2021-01-27,11:22:39 EST,0.0,"","",119.564,"","","",9.54,2,,0.0,"",0.0,0.0,GAIA,stock,"",0.0,0.0,"",2021-01-27,11:20:40 EST,,,,,,,,"",,,false,"",long,OPEN,"","",GAIA,,,0.0,0.0,,2.0,"","",
Robinhood • [Portfolio],4.509,0.0,1.503,0.0,,,,,"",2021-01-27,11:53:43 EST,0.0,"","",608238.196,"","","",1.51,3,,0.0,"",0.0,0.0,IGC,stock,"",0.0,0.0,"",2021-01-20,10:56:25 EST,,,,,,,,"",,,false,"",long,OPEN,"","",IGC,,,0.0,0.0,,3.0,"","",
Robinhood • [Portfolio],14.969,0.0,149.69,0.0,,,,,"",2021-01-28,11:37:33 EST,0.0,"","",0.0,"","","",149.69,1,,0.0,"",0.0,0.0,GWPH,stock,"",0.0,0.0,"",2021-01-28,11:37:33 EST,,,,,,,,"",,,false,"",long,OPEN,"","",GWPH,,,0.0,0.0,,0.1,"","",
Robinhood • [Portfolio],3.54,0.0,3.54,0.0,,,,,"",2021-01-28,12:04:50 EST,0.0,"","",0.0,"","","",3.5399,1,,0.0,"",0.0,0.0,YCBD,stock,"",0.0,0.0,"",2021-01-28,12:04:50 EST,,,,,,,,"",,,false,"",long,OPEN,"","",YCBD,,,0.0,0.0,,1.0,"","",
Robinhood • [Portfolio],12.92,0.0,12.92,0.0,,,,,"",2021-01-28,12:46:55 EST,0.0,"","",0.0,"","","",12.92,1,,0.0,"",0.0,0.0,APHA,stock,"",0.0,0.0,"",2021-01-28,12:46:55 EST,,,,,,,,"",,,false,"",long,OPEN,"","",APHA,,,0.0,0.0,,1.0,"","",
Robinhood • [Portfolio],5.1265,0.0,51.265,0.0,,,,,"",2021-01-29,11:44:32 EST,0.0,"","",0.0,"","","",51.265,1,,0.0,"",0.0,0.0,BLNK,stock,"",0.0,0.0,"",2021-01-29,11:44:32 EST,,,,,,,,"",,,false,"",long,OPEN,"","",BLNK,,,0.0,0.0,,0.1,"","",
Robinhood • [Portfolio],18.4275,0.0,184.275,0.0,,,,,"",2021-01-29,12:13:24 EST,0.0,"","",0.0,"","","",184.275,1,,0.0,"",0.0,0.0,ENPH,stock,"",0.0,0.0,"",2021-01-29,12:13:24 EST,,,,,,,,"",,,false,"",long,OPEN,"","",ENPH,,,0.0,0.0,,0.1,"","",
Robinhood • [Portfolio],10.476,0.0,3.492,0.0,,,,,"",2021-01-29,14:30:23 EST,0.0,"","",619712.07148,"","","",3.515,4,,0.0,"",0.0,0.0,ZYNE,stock,"",0.0,0.0,"",2021-01-22,10:21:51 EST,,,,,,,,"",,,false,"",long,OPEN,"","",ZYNE,,,0.0,0.0,,3.0,"","",
Robinhood • [Portfolio],3.989,0.0,19.945,0.0,,,,,"",2021-02-01,10:32:28 EST,0.0,"","",252727.227061,"","","",21.125,2,,0.0,"",0.0,0.0,RIOT,stock,"",0.0,0.0,"",2021-01-29,12:20:21 EST,,,,,,,,"",,,false,"",long,OPEN,"","",RIOT,,,0.0,0.0,,0.2,"","",
Robinhood • [Portfolio],7.401,0.0,74.01,0.0,,,,,"",2021-02-04,15:31:43 EST,0.0,"","",0.0,"","","",74.01,1,,0.0,"",0.0,0.0,RUN,stock,"",0.0,0.0,"",2021-02-04,15:31:43 EST,,,,,,,,"",,,false,"",long,OPEN,"","",RUN,,,0.0,0.0,,0.1,"","",
Robinhood • [Portfolio],10.75625,0.0,43.025,0.0,,,,,"",2021-02-04,15:37:51 EST,0.0,"","",0.0,"","","",43.025,1,,0.0,"",0.0,0.0,WORK,stock,"",0.0,0.0,"",2021-02-04,15:37:51 EST,,,,,,,,"",,,false,"",long,OPEN,"","",WORK,,,0.0,0.0,,0.25,"","",
Robinhood • [Portfolio],12.556,0.0,12.556,0.0,,,,,"",2021-02-04,15:59:05 EST,0.0,"","",1223184.330699,"","","",10.995,3,,0.0,"",0.0,0.0,ACB,stock,"",0.0,0.0,"",2021-01-21,12:12:41 EST,,,,,,,,"",,,false,"",long,OPEN,"","",ACB,,,0.0,0.0,,1.0,"","",
Robinhood • [Portfolio],43.023,0.0,172.092,0.0,,,,,"",2021-02-05,09:45:38 EST,0.0,"","",675343.838826,"","","",178.72,4,,0.0,"",0.0,0.0,BYND,stock,"",0.0,0.0,"",2021-01-28,14:09:54 EST,,,,,,,,"",,,false,"",long,OPEN,"","",BYND,,,0.0,0.0,,0.25,"","",
Robinhood • [Portfolio],42.58,0.0,42.58,0.0,,,,,"",2021-02-05,09:51:08 EST,0.0,"","",0.0,"","","",42.58,1,,0.0,"",0.0,0.0,CGC,stock,"",0.0,0.0,"",2021-02-05,09:51:08 EST,,,,,,,,"",,,false,"",long,OPEN,"","",CGC,,,0.0,0.0,,1.0,"","",
Robinhood • [Portfolio],31.54,0.0,31.54,0.0,,,,,"",2021-02-05,09:54:32 EST,0.0,"","",0.0,"","","",31.54,1,,0.0,"",0.0,0.0,MIELY,stock,"",0.0,0.0,"",2021-02-05,09:54:32 EST,,,,,,,,"",,,false,"",long,OPEN,"","",MIELY,,,0.0,0.0,,1.0,"","",
Robinhood • [Portfolio],66.7,0.0,66.7,0.0,,,,,"",2021-02-05,10:11:20 EST,0.0,"","",0.0,"","","",66.7,1,,0.0,"",0.0,0.0,PLUG,stock,"",0.0,0.0,"",2021-02-05,10:11:20 EST,,,,,,,,"",,,false,"",long,OPEN,"","",PLUG,,,0.0,0.0,,1.0,"","",
Robinhood • [Portfolio],23.48,0.0,23.48,0.0,,,,,"",2021-02-05,10:12:54 EST,0.0,"","",0.0,"","","",23.48,1,,0.0,"",0.0,0.0,FCEL,stock,"",0.0,0.0,"",2021-02-05,10:12:54 EST,,,,,,,,"",,,false,"",long,OPEN,"","",FCEL,,,0.0,0.0,,1.0,"","",
Robinhood • [Portfolio],31.135,0.0,31.135,0.0,,,,,"",2021-02-05,10:14:31 EST,0.0,"","",0.0,"","","",31.135,1,,0.0,"",0.0,0.0,FUV,stock,"",0.0,0.0,"",2021-02-05,10:14:31 EST,,,,,,,,"",,,false,"",long,OPEN,"","",FUV,,,0.0,0.0,,1.0,"","",
Robinhood • [Portfolio],23.938,0.0,23.938,0.0,,,,,"",2021-02-05,10:19:43 EST,0.0,"","",0.0,"","","",23.9378,1,,0.0,"",0.0,0.0,TTCFQ,stock,"",0.0,0.0,"",2021-02-05,10:19:43 EST,,,,,,,,"",,,false,"",long,OPEN,"","",TTCFQ,,,0.0,0.0,,1.0,"","",
Robinhood • [Portfolio],41.383,0.0,41.383,0.0,,,,,"",2021-02-05,10:22:24 EST,0.0,"","",0.0,"","","",41.3825,1,,0.0,"",0.0,0.0,HAIN,stock,"",0.0,0.0,"",2021-02-05,10:22:24 EST,,,,,,,,"",,,false,"",long,OPEN,"","",HAIN,,,0.0,0.0,,1.0,"","",
Robinhood • [Portfolio],8.198,0.0,81.98,0.0,,,,,"",2021-02-08,10:20:20 EST,0.0,"","",0.0,"","","",81.98,1,,0.0,"",0.0,0.0,HYFM,stock,"",0.0,0.0,"",2021-02-08,10:20:20 EST,,,,,,,,"",,,false,"",long,OPEN,"","",HYFM,,,0.0,0.0,,0.1,"","",
Robinhood • [Portfolio],3.396,0.0,1.132,0.0,,,,,"",2021-02-08,10:38:09 EST,0.0,"","",327213.689,"","","",1.1585,3,,0.0,"",0.0,0.0,SNDL,stock,"",0.0,0.0,"",2021-02-04,15:44:35 EST,,,,,,,,"",,,false,"",long,OPEN,"","",SNDL,,,0.0,0.0,,3.0,"","",
Robinhood • [Portfolio],9.42,0.0,4.71,0.0,,,,,"",2021-02-09,09:40:26 EST,0.0,"","",0.004,"","","",4.71,2,,0.0,"",0.0,0.0,OPTN,stock,"",0.0,0.0,"",2021-02-09,09:40:26 EST,,,,,,,,"",,,false,"",long,OPEN,"","",OPTN,,,0.0,0.0,,2.0,"","",
Robinhood • [Portfolio],16.5,0.0,16.5,0.0,,,,,"",2021-02-09,10:06:43 EST,0.0,"","",0.0,"","","",16.5,1,,0.0,"",0.0,0.0,DCRB,stock,"",0.0,0.0,"",2021-02-09,10:06:43 EST,,,,,,,,"",,,false,"",long,OPEN,"","",DCRB,,,0.0,0.0,,1.0,"","",
Robinhood • [Portfolio],44.25,0.0,44.25,0.0,,,,,"",2021-02-09,10:17:18 EST,0.0,"","",0.0,"","","",44.25,1,,0.0,"",0.0,0.0,CMPS,stock,"",0.0,0.0,"",2021-02-09,10:17:18 EST,,,,,,,,"",,,false,"",long,OPEN,"","",CMPS,,,0.0,0.0,,1.0,"","",
Robinhood • [Portfolio],30.184,0.0,15.092,0.0,,,,,"",2021-02-09,11:01:06 EST,0.0,"","",89032.87,"","","",15.6337,2,,0.0,"",0.0,0.0,VGAC,stock,"",0.0,0.0,"",2021-02-08,10:17:14 EST,,,,,,,,"",,,false,"",long,OPEN,"","",VGAC,,,0.0,0.0,,2.0,"","",
Robinhood • [Portfolio],2.805,0.0,2.805,0.0,,,,,"",2021-02-09,13:21:10 EST,0.0,"","",1633000.607989,"","","",1.725,3,,0.0,"",0.0,0.0,OGI,stock,"",0.0,0.0,"",2021-01-21,15:44:29 EST,,,,,,,,"",,,false,"",long,OPEN,"","",OGI,,,0.0,0.0,,1.0,"","",
Robinhood • [Portfolio],1.199,0.0,11.99,0.0,,,,,"",2021-02-10,09:53:37 EST,0.0,"","",0.0,"","","",11.99,1,,0.0,"",0.0,0.0,WPRT,stock,"",0.0,0.0,"",2021-02-10,09:53:37 EST,,,,,,,,"",,,false,"",long,OPEN,"","",WPRT,,,0.0,0.0,,0.1,"","",
Robinhood • [Portfolio],9.678,0.0,64.52,0.0,,,,,"",2021-02-10,09:54:50 EST,0.0,"","",267.174524,"","","",64.755,2,,0.0,"",0.0,0.0,GRWG,stock,"",0.0,0.0,"",2021-02-10,09:50:23 EST,,,,,,,,"",,,false,"",long,OPEN,"","",GRWG,,,0.0,0.0,,0.15,"","",
Robinhood • [Portfolio],2.11275,0.0,42.255,0.0,,,,,"",2021-02-11,11:07:01 EST,0.0,"","",0.0,"","","",42.255,1,,0.0,"",0.0,0.0,TLRY,stock,"",0.0,0.0,"",2021-02-11,11:07:01 EST,,,,,,,,"",,,false,"",long,OPEN,"","",TLRY,,,0.0,0.0,,0.05,"","",
Robinhood • [Portfolio],51.45094526,0.0,17.147,0.0,,,,,"",2021-07-02,09:30:03 EDT,0.0,"","",13986719.482,"","","",17.32,5,,0.0,"",0.0,0.0,THCX,stock,"",0.0,0.0,"",2021-01-21,11:18:03 EST,,,,,,,,"",,,false,"",long,OPEN,"","",THCX,,,0.0,0.0,,3.00058,"","",
Robinhood • [Portfolio],5.498511784,0.0,10.964,0.0,,,,,"",2021-07-27,10:46:19 EDT,0.0,"","",16150941.756227,"","","",11.265,5,,0.0,"",0.0,0.0,GE,stock,"",0.0,0.0,"",2021-01-21,11:23:57 EST,,,,,,,,"",,,false,"",long,OPEN,"","",GE,,,0.0,0.0,,0.501506,"","",
Robinhood • [Portfolio],4.605008625,0.0,17.955,0.0,,,,,"",2021-10-06,09:30:01 EDT,0.0,"","",21928343.235,"","","",17.98,4,,0.0,"",0.0,0.0,TOKE,stock,"",0.0,0.0,"",2021-01-25,13:17:38 EST,,,,,,,,"",,,false,"",long,OPEN,"","",TOKE,,,0.0,0.0,,0.256475,"","",
Robinhood • [Portfolio],0.222,0.0,0.222,0.0,,,,,"",2021-12-22,11:37:53 EST,0.0,"","",0.0,"","","",0.22205,1,,0.0,"",0.0,0.0,FAMI,stock,"",0.0,0.0,"",2021-12-22,11:37:53 EST,,,,,,,,"",,,false,"",long,OPEN,"","",FAMI,,,0.0,0.0,,1.0,"","",
Robinhood • [Portfolio],23.87,0.0,23.87,0.0,,,,,"",2021-12-22,11:46:56 EST,0.0,"","",0.0,"","","",23.87,1,,0.0,"",0.0,0.0,GHRS,stock,"",0.0,0.0,"",2021-12-22,11:46:56 EST,,,,,,,,"",,,false,"",long,OPEN,"","",GHRS,,,0.0,0.0,,1.0,"","",
Robinhood • [Portfolio],3.28,0.0,1.64,0.0,,,,,"",2021-12-22,13:14:21 EST,0.0,"","",0.0,"","","",1.64,1,,0.0,"",0.0,0.0,MNMD,stock,"",0.0,0.0,"",2021-12-22,13:14:21 EST,,,,,,,,"",,,false,"",long,OPEN,"","",MNMD,,,0.0,0.0,,2.0,"","",
Robinhood • [Portfolio],3.33,0.0,3.33,0.0,,,,,"",2021-12-22,15:54:01 EST,0.0,"","",0.0,"","","",3.33,1,,0.0,"",0.0,0.0,DRUG,stock,"",0.0,0.0,"",2021-12-22,15:54:01 EST,,,,,,,,"",,,false,"",long,OPEN,"","",DRUG,,,0.0,0.0,,1.0,"","",
Robinhood • [Portfolio],5.28,0.0,2.64,0.0,,,,,"",2021-12-23,13:42:49 EST,0.0,"","",0.0,"","","",2.64,1,,0.0,"",0.0,0.0,FTRP,stock,"",0.0,0.0,"",2021-12-23,13:42:49 EST,,,,,,,,"",,,false,"",long,OPEN,"","",FTRP,,,0.0,0.0,,2.0,"","",
Robinhood • [Portfolio],3.51,0.0,1.17,0.0,,,,,"",2021-12-27,15:46:35 EST,0.0,"","",1784.126,"","","",1.17,2,,0.0,"",0.0,0.0,CYBN,stock,"",0.0,0.0,"",2021-12-27,15:16:51 EST,,,,,,,,"",,,false,"",long,OPEN,"","",CYBN,,,0.0,0.0,,3.0,"","",
Robinhood • [Portfolio],5.95,0.0,5.95,0.0,,,,,"",2021-12-28,13:48:05 EST,0.0,"","",0.0,"","","",5.95,1,,0.0,"",0.0,0.0,PSIL,stock,"",0.0,0.0,"",2021-12-28,13:48:05 EST,,,,,,,,"",,,false,"",long,OPEN,"","",PSIL,,,0.0,0.0,,1.0,"","",
Robinhood • [Portfolio],5.04,0.0,2.52,0.0,,,,,"",2021-12-29,09:43:57 EST,0.0,"","",0.0,"","","",2.52,1,,0.0,"",0.0,0.0,VLNS,stock,"",0.0,0.0,"",2021-12-29,09:43:57 EST,,,,,,,,"",,,false,"",long,OPEN,"","",VLNS,,,0.0,0.0,,2.0,"","",
Robinhood • [Portfolio],22.44773476,0.0,44.792,0.0,,,,,"",2022-01-03,09:30:02 EST,0.0,"","",29887768.278867,"","","",44.835,2,,0.0,"",0.0,0.0,MSOS,stock,"",0.0,0.0,"",2021-01-22,11:20:33 EST,,,,,,,,"",,,false,"",long,OPEN,"","",MSOS,,,0.0,0.0,,0.501155,"","",
Robinhood • [Portfolio],30.82257269,0.0,14.69,0.0,,,,,"",2024-01-09,10:30:21 EST,0.0,"","",93637839.193883,"","","",15.365,9,,0.0,"",0.0,0.0,POTX,stock,"",0.0,0.0,"",2021-01-20,15:59:42 EST,,,,,,,,"",,,false,"",long,OPEN,"","",POTX,,,0.0,0.0,,2.098201,"","",
Robinhood • [Portfolio],1.389748146,0.0,26.238,0.0,,,,,"",2024-07-01,10:35:21 EDT,0.0,"","",106784250.115378,"","","",27.595,2,,0.0,"",0.0,0.0,MJ,stock,"",0.0,0.0,"",2021-02-11,11:17:51 EST,,,,,,,,"",,,false,"",long,OPEN,"","",MJ,,,0.0,0.0,,0.052967,"","",
Robinhood • [Portfolio],22.250968704,0.0,20.576,0.0,,,,,"",2024-10-01,10:30:40 EDT,0.0,"","",116546850.729227,"","","",21.71,11,,0.0,"",0.0,0.0,YOLO,stock,"",0.0,0.0,"",2021-01-21,11:23:10 EST,,,,,,,,"",,,false,"",long,OPEN,"","",YOLO,,,0.0,0.0,,1.081404,"","",
Robinhood • [Portfolio],5.443017566,0.0,46.166,0.0,,,,,"",2024-10-02,10:36:27 EDT,0.0,"","",115068632.453578,"","","",47.565,17,,0.0,"",0.0,0.0,AGR,stock,"",0.0,0.0,"",2021-02-08,14:05:54 EST,,,,,,,,"",,,false,"",long,OPEN,"","",AGR,,,0.0,0.0,,0.117901,"","",
Robinhood • [Portfolio],14.049578396,0.0,69.572,0.0,,,,,"",2024-11-15,10:30:51 EST,0.0,"","",119916327.279521,"","","",77.915,18,,0.0,"",0.0,0.0,XIFR,stock,"",0.0,0.0,"",2021-01-27,12:25:24 EST,,,,,,,,"",,,false,"",long,OPEN,"","",XIFR,,,0.0,0.0,,0.201943,"","",
Robinhood • [Portfolio],60.8,0.0,320.0,0.0,,,,,"",2024-12-30,09:30:09 EST,0.0,"","",0.0,"","","",320.0,1,,0.0,"",0.0,0.0,MSTR,stock,"",0.0,0.0,"",2024-12-30,09:30:09 EST,,,,,,,,"",,,false,"",long,OPEN,"","",MSTR,,,0.0,0.0,,0.19,"","",
Robinhood • [Portfolio],20.43175,11.104375,817.27,444.175,,,,,"",2025-09-22,10:06:26 EDT,0.0,"","",146609509.439045,"","","",817.27,2,444.175,-9.327375,"",0.0,0.0,TSLA,stock,"",-9.327375,-0.45651376,"",2021-01-29,12:14:37 EST,,,,-17.8865,0.0,101.81,488.5399,"",,,false,"",long,Loss,"","",TSLA,,,0.0,0.0,,0.025,"","",-52.1475694
Robinhood • [Portfolio],4.469882076,0.0650412,4.314,1.8,,,,,"",2026-02-05,10:01:06 EST,0.0,"","",157505323.540418,"","","",4.3,6,1.8,-0.090335,"",0.0,0.0,TAIT,stock,"",-0.090335,-0.02020918,"",2021-02-08,10:32:22 EST,,,,,,,,"",,,false,"",long,OPEN,"","",TAIT,,,0.0,0.0,,1.036134,"","",
Robinhood • [Portfolio],42.25,303.195,42.25,303.195,93.0,280.5799,322.8299,2026-05-01 04:00:00 UTC,"",2026-05-22,15:55:51 EDT,0.0,"","",166595015.699,"","","",42.25,2,303.195,260.945,"",0.0,0.0,BE,stock,"",260.945,6.17621302,"",2021-02-09,10:32:15 EST,,,,-33.8376,280.5799,8.4124,322.8299,"",,,false,"",long,Win,"","",BE,,,0.0,0.0,,1.0,"","",93.00202901
Robinhood • [Portfolio],0.734,1.6126,36.7,80.63,99.75,0.8808,80.74,2026-06-01 04:00:00 UTC,"",2026-06-02,15:50:35 EDT,0.0,"","",166930822.643888,"","","",36.7,2,80.63,0.8786,"",0.0,0.0,VEGN,stock,"",0.8786,1.19700272,"",2021-02-16,13:10:13 EST,,,,-0.1592,0.8808,28.74,80.74,"",,,false,"",long,Win,"","",VEGN,,,0.0,0.0,,0.02,"","",99.75022707
Robinhood • [Portfolio],92.31204615806475,96.19801131426915,80.92330485,84.32984989,89.42,4.34596515077,86.3,2026-06-03 04:00:00 UTC,"",2026-06-12,14:53:15 EDT,0.0,"","",169526478.73341,"","","",82.16,28,85.84,3.88596515,"",0.0,0.0,NEE,stock,"",3.88596515,0.04209597,"",2021-01-27,11:11:56 EST,,,,-36.47982473,16.79596515,47.145,98.75,"",,,false,"",long,Win,"","",NEE,,,0.0,0.0,,1.140735,"","",23.13630158
Robinhood • [Portfolio],26.46987434113001,36.3847339177,21.11210713,29.0201,100.01,9.913565312713,29.015,2026-06-12 19:18:00 UTC,"",2026-06-12,14:53:49 EDT,0.0,"","",169350094.153156,"","","",20.955,26,29.0201,9.91485958,"",0.0,0.0,IVZ,stock,"",9.91485958,0.37457146,"",2021-01-29,12:12:14 EST,,,,-11.32887943,10.58098699,11.6,29.71,"",,,false,"",long,Win,"","",IVZ,,,0.0,0.0,,1.253777,"","",93.70448701
Robinhood • [Portfolio],46.23977101681398,69.18508727648424,37.34473954,55.87612152,99.43,23.0757162659,56.1104,2026-06-12 04:00:00 UTC,"",2026-06-12,15:02:42 EDT,0.0,"","",168921811.809,"","","",37.15,25,55.98,22.94531627,"",0.0,0.0,BIBL,stock,"",22.94531627,0.4962247,"",2021-02-03,11:19:10 EST,,,,-10.62213111,23.07571627,26.89,56.1104,"",,,false,"",long,Win,"","",BIBL,,,0.0,0.0,,1.238187,"","",99.43490378
Robinhood • [Portfolio],27.4,25.26385,27.4,50.5277,,,,,"",2026-06-12,15:03:43 EDT,0.0,"","",168407936.286,"","","",27.4,2,50.5277,11.56385,"",0.0,0.0,UNFI,stock,"",11.56385,0.42203832,"",2021-02-09,10:04:47 EST,,,,,,,,"",,,false,"",long,OPEN,"","",UNFI,,,0.0,0.0,,1.0,"","",
Robinhood • [Portfolio],48.67353577802924,15.16666801,199.83961348,62.27,,,,,"",2026-06-12,15:11:08 EDT,0.0,"","",169523235.171321,"","","",222.545,25,62.27,-33.50686777,"",0.0,0.0,SMG,stock,"",-33.50686777,-0.68840012,"",2021-01-27,12:23:53 EST,,,,-38.33798469,5.33116176,39.055,254.34,"",,,false,"",long,Loss,"","",SMG,,,0.0,0.0,,0.243563,"","",-87.39861534
Robinhood • [Portfolio],35.34060409968132,2.11662838,16.81043166,20.69,,,,,"",2026-06-12,15:17:47 EDT,0.0,"","",168912263.908,"","","",16.9056,4,20.69,0.38715169,"",0.0,0.0,NATR,stock,"",0.38715169,0.01095487,"",2021-02-03,14:13:23 EST,,,,,,,,"",,,false,"",long,OPEN,"","",NATR,,,0.0,0.0,,2.102302,"","",
Robinhood • [Portfolio],47.91292580849463,14.20698298406964,29.70564981,23.28429588,,,,,"",2026-06-22,09:46:58 EDT,0.0,"","",170976973.715987,"","","",31.0081,17,20.934,-4.71270225,"",0.0,0.0,ICLN,stock,"",-4.71270225,-0.09835973,"",2021-01-20,11:10:44 EST,,,,,,,,"",,,false,"",long,OPEN,"","",ICLN,,,0.0,0.0,,1.612923,"","",
Robinhood • [Portfolio],21.1489,0.0,422.978,0.0,,,,,"",2026-06-30,15:32:18 EDT,0.0,"","",0.0,"","","",422.978,1,,0.0,"",0.0,0.0,TSLA,stock,"",0.0,0.0,"",2026-06-30,15:32:18 EDT,,,,,,,,"",,,false,"",short,OPEN,"","",TSLA,,,0.0,0.0,,0.05,"","",
Robinhood • [Portfolio],14.1257207018044,46.53126541950719,129.2368844,425.71674019,96.88,33.449304718008,436.74,2026-06-22 04:00:00 UTC,"",2026-06-30,15:37:20 EDT,0.0,"","",170050390.419422,"","","",120.48,25,426.3024,32.40554472,"",0.0,0.0,ETN,stock,"",32.40554472,2.29408081,"",2021-02-08,10:24:09 EST,,,,0.23277733,33.61039804,122.5,436.74,"",,,false,"",long,Win,"","",ETN,,,0.0,0.0,,0.109301,"","",96.39023605
Robinhood • [Portfolio],69.4494734373276,88.60667863245522,62.36678904,144.98992614,,,,,"",2026-06-30,15:50:18 EDT,0.0,"","",166945091.513,"","","",61.29,25,145.73,51.15094996,"",0.0,0.0,JCI,stock,"",51.15094996,0.73652034,"",2021-03-16,10:12:07 EDT,,,,,,,,"",,,false,"",long,OPEN,"","",JCI,,,0.0,0.0,,1.113565,"","",
Robinhood • [Portfolio],6.035412820032,0.0,48.9252012,0.0,,,,,"",2026-07-01,09:48:22 EDT,0.0,"","",169945117.927023,"","","",50.555,6,,0.0,"",0.0,0.0,BLOK,stock,"",0.0,0.0,"",2021-02-10,09:49:44 EST,,,,,,,,"",,,false,"",long,OPEN,"","",BLOK,,,0.0,0.0,,0.12336,"","",
Robinhood • [Portfolio],19.24107244831251,3.0620434,370.22709681,1613.3,,,,,"",2026-07-06,09:51:04 EDT,0.0,"","",170808779.939365,"","","",360.135,24,1613.3,2.37850717,"",0.0,0.0,MPWR,stock,"",2.37850717,0.12361614,"",2021-02-05,09:58:04 EST,,,,,,,,"",,,false,"",long,OPEN,"","",MPWR,,,0.0,0.0,,0.051971,"","",
Robinhood • [Portfolio],27.55183918393214,59.89723730992628,134.00634814,291.32755828,99.54,32.494298126,314.164,2026-07-06 15:00:00 UTC,"",2026-07-06,15:55:11 EDT,0.0,"","",171429518.644,"","","",131.3199,28,312.675,32.34539812,"",0.0,0.0,AAPL,stock,"",32.34539812,1.17398326,"",2021-01-29,11:36:32 EST,,,,-3.29149,34.30669022,116.21,317.4,"",,,false,"",long,Win,"","",AAPL,,,0.0,0.0,,0.205601,"","",94.28306232
Robinhood • [Portfolio],170.58485710851864,333.47942321289612,150.57920508,294.37001214,99.22,164.16960699,317.6899,2026-07-17 04:00:00 UTC,"",2026-07-22,15:57:09 EDT,0.0,"","",172810724.538452,"","","",139.295,30,312.6482,162.89456611,"",0.0,0.0,PRI,stock,"",162.89456611,0.95491809,"",2021-01-29,11:58:25 EST,,,,-33.52204793,164.13754356,110.22,317.6899,"",,,false,"",long,Win,"","",PRI,,,0.0,0.0,,1.132858,"","",99.24272203
Robinhood • [Portfolio],13.74,9.795,13.74,9.795,,,,,"",2026-07-22,15:58:35 EDT,0.0,"","",172213728.952,"","","",13.74,2,9.795,-3.945,"",0.0,0.0,SSUMY,stock,"",-3.945,-0.2871179,"",2021-02-05,09:49:46 EST,,,,-10.6375,0.0,3.1025,12.2125,"",,,false,"",long,Loss,"","",SSUMY,,,0.0,0.0,,1.0,"","",-37.08578143
Robinhood • [Portfolio],29.385,0.0,9.795,0.0,,,,,"",2026-07-22,15:59:39 EDT,0.0,"","",44.137,"","","",9.795,2,,0.0,"",0.0,0.0,SSUMY,stock,"",0.0,0.0,"",2026-07-22,15:58:55 EDT,,,,,,,,"",,,false,"",short,OPEN,"","",SSUMY,,,0.0,0.0,,3.0,"","",
Robinhood • [Portfolio],57.59050569304878,28.6057312229358,48.58949593,24.1348473,,,,,"",2026-07-28,15:47:06 EDT,0.0,"","",172890662.152,"","","",50.6978,26,24.09,-28.98477447,"",0.0,0.0,CMCSA,stock,"",-28.98477447,-0.50329085,"",2021-02-03,13:36:04 EST,,,,-31.79670339,10.09254707,21.28,61.8,"",,,false,"",long,Loss,"","",CMCSA,,,0.0,0.0,,1.185246,"","",-91.15653945
Robinhood • [Portfolio],17.3625,17.87625,115.75,119.175,16.33,3.1455,136.72,2025-01-01 05:00:00 UTC,"",2026-07-28,15:51:39 EDT,0.0,"","",172900836.915497,"","","",115.84,3,119.175,0.51375,"",0.0,0.0,ADUS,stock,"",0.51375,0.02958963,"",2021-02-03,10:51:02 EST,,,,-7.077,3.1455,68.57,136.72,"",,,false,"",long,Win,"","",ADUS,,,0.0,0.0,,0.15,"","",16.33285646
Robinhood • [Portfolio],24.54,36.415,24.54,36.415,57.23,20.75,45.29,2025-10-01 04:00:00 UTC,"",2026-07-28,15:52:53 EDT,0.0,"","",172883260.156,"","","",24.54,2,36.415,11.875,"",0.0,0.0,REZI,stock,"",11.875,0.48390383,"",2021-02-03,15:45:13 EST,,,,-10.36,20.75,14.18,45.29,"",,,false,"",long,Win,"","",REZI,,,0.0,0.0,,1.0,"","",57.22891566
Robinhood • [Portfolio],40.4925500005,15.36105,311.48115385,512.035,,,,,"",2026-07-28,15:58:39 EDT,0.0,"","",172899401.436949,"","","",312.255,4,512.035,5.9934,"",0.0,0.0,SPOT,stock,"",5.9934,0.14801241,"",2021-02-03,11:21:58 EST,,,,,,,,"",,,false,"",long,OPEN,"","",SPOT,,,0.0,0.0,,0.13,"","",
Robinhood • [Portfolio],165.11175,-245.7045,3302.235,273.005,,,,,"",2026-07-31,15:51:39 EDT,0.0,"","",173142242.145798,"","","",3324.525,3,273.005,-151.4615,"",0.0,0.0,AMZN,stock,"",-151.4615,-0.9173272,"",2021-02-03,15:47:37 EST,,,,,,,,"",,,false,"",long,OPEN,"","",AMZN,,,0.0,0.0,,0.05,"","",
Robinhood • [Portfolio],10.13171865937137,2.67628376,83.09932219,126.67,,,,,"",2026-08-13,09:45:29 EDT,0.0,"","",173817746.110711,"","","",80.555,26,126.67,0.97431772,"",0.0,0.0,AEP,stock,"",0.97431772,0.0961651,"",2021-02-08,14:03:03 EST,,,,,,,,"",,,false,"",long,OPEN,"","",AEP,,,0.0,0.0,,0.121923,"","",
Robinhood • [Portfolio],4.09358744224143,3.71964243,392.21878339,356.39,,,,,"",2026-08-13,15:16:36 EDT,0.0,"","",173837734.339118,"","","",387.805,24,356.39,-0.37394501,"",0.0,0.0,INTU,stock,"",-0.37394501,-0.09134897,"",2021-02-08,14:01:02 EST,,,,-1.45469636,4.15965783,252.84,813.7,"",,,false,"",long,Loss,"","",INTU,,,0.0,0.0,,0.010437,"","",-25.7060525
Robinhood • [Portfolio],13.30364350346244,3.074851155,262.81916876,60.745,,,,,"",2026-08-13,15:38:05 EDT,0.0,"","",174111552.667057,"","","",265.475,5,60.745,-10.22879235,"",0.0,0.0,PYPL,stock,"",-10.22879235,-0.7688715,"",2021-02-05,10:18:52 EST,,,,-11.2687597,0.60125,38.46,310.16,"",,,false,"",long,Loss,"","",PYPL,,,0.0,0.0,,0.050619,"","",-90.77123501
Robinhood • [Portfolio],15.244,3.642,152.44,36.42,,2.609,178.53,2021-03-01 05:00:00 UTC,"",2026-08-13,15:48:57 EDT,0.0,"","",174280566.108486,"","","",152.44,2,36.42,-11.602,"",0.0,0.0,ZG,stock,"",-11.602,-0.76108633,"",2021-02-03,11:32:51 EST,,,,-12.62265,2.609,26.2135,178.53,"",,,false,"",long,Loss,"","",ZG,,,0.0,0.0,,0.1,"","",-91.91413847
Robinhood • [Portfolio],9.83190662306209,18.28855483965594,88.06558963,163.81282158,,,,,"",2026-08-13,15:55:19 EDT,0.0,"","",173851775.689051,"","","",86.23,25,163.805,8.45664822,"",0.0,0.0,EMR,stock,"",8.45664822,0.86012292,"",2021-02-08,10:45:43 EST,,,,-1.29932911,8.71114822,72.405,166.35,"",,,false,"",long,Win,"","",EMR,,,0.0,0.0,,0.111643,"","",97.07845632
Robinhood • [Portfolio],12.02105136493107,16.63744613995114,192.88925667,266.96372234,,,,,"",2026-08-13,15:55:33 EDT,0.0,"","",173682214.046474,"","","",185.265,31,267.277,4.61639478,"",0.0,0.0,CME,stock,"",4.61639478,0.38402588,"",2021-02-10,09:51:59 EST,,,,-1.05009379,7.44669256,166.545,329.16,"",,,false,"",long,Win,"","",CME,,,0.0,0.0,,0.062321,"","",61.9925523
Robinhood • [Portfolio],0.03993750499543,-1.74874028,38.07197807,39.01,,,,,"",2026-08-13,15:56:08 EDT,0.0,"","",9698990.723509,"","","",40.265,3,39.01,0.00098399,"",0.0,0.0,VSNT,stock,"",0.00098399,0.02463824,"",2026-04-23,09:46:17 EDT,,,,,,,,"",,,false,"",long,OPEN,"","",VSNT,,,0.0,0.0,,0.001049,"","",
Robinhood • [Portfolio],9.76988602910124,0.0,4.69917748,0.0,,,,,"",2026-08-21,09:49:07 EDT,0.0,"","",173575145.357307,"","","",7.46,67,,0.0,"",0.0,0.0,PSEC,stock,"",0.0,0.0,"",2021-02-19,09:30:02 EST,,,,,,,,"",,,false,"",long,OPEN,"","",PSEC,,,0.0,0.0,,2.079063,"","",
Robinhood • [Portfolio],80.48401379648207,0.0,34.15699031,0.0,,,,,"",2026-08-26,09:46:10 EDT,0.0,"","",175282575.218778,"","","",35.355,25,,0.0,"",0.0,0.0,KMT,stock,"",0.0,0.0,"",2021-02-04,15:09:55 EST,,,,,,,,"",,,false,"",long,OPEN,"","",KMT,,,0.0,0.0,,2.356297,"","",
Robinhood • [Portfolio],21.05384671707388,-27.07537296,1800.70532989,346.02,,,,,"",2026-09-10,09:59:26 EDT,0.0,"","",176250640.314056,"","","",2078.285,12,328.475,-17.095462,"",0.0,0.0,GOOGL,stock,"",-17.095462,-0.80784196,"",2021-02-08,10:28:46 EST,,,,,,,,"",,,false,"",long,OPEN,"","",GOOGL,,,0.0,0.0,,0.011692,"","",
Evaluation [BLOWN] • 50K (EndOfDay Drawdown) • TakeProfitTrader-635000920,190410.0,190530.0,63.47,63.51,,190410.0,0.0,1970-01-01 00:00:00 UTC,"",2026-02-09,09:35:40 EST,0.0,"","",89.0,"","","",63.47,2,63.51,-120.0,"",0.0,0.0,CL,future,"",-120.0,-0.00062982,"",2026-02-09,09:34:11 EST,,,-0.04,-180.0,150.0,63.53,63.42,"",,,false,"",short,Loss,"","",CL,-12.0,-4.0,0.0,0.0,,3.0,"","",-66.66666667
Evaluation [BLOWN] • 50K (EndOfDay Drawdown) • TakeProfitTrader-635000920,347462.5,347562.5,6949.25,6951.25,,347462.5,0.0,1970-01-01 00:00:00 UTC,"",2026-02-09,10:03:41 EST,0.0,"","",129.0,"","","",6949.25,2,6951.25,-100.0,"",0.0,0.0,ES,future,"",-100.0,-0.00028772,"",2026-02-09,10:01:32 EST,,,-2.0,-100.0,287.5,6951.25,6943.5,"",,,false,"",short,Loss,"","",ES,-8.0,-8.0,0.0,0.0,,1.0,"","",-100.0
Evaluation [BLOWN] • 50K (EndOfDay Drawdown) • TakeProfitTrader-635000920,347962.5,348500.0,6959.25,6970.0,,,,,"",2026-02-09,10:31:05 EST,0.0,"","",242.0,"","","",6959.25,2,6970.0,537.5,"",0.0,0.0,ES,future,"",537.5,0.00154471,"",2026-02-09,10:27:03 EST,,,10.75,-50.0,575.0,6958.25,6970.75,"",,,false,"",long,Win,"","",ES,43.0,43.0,0.0,0.0,,1.0,"","",93.47826087
Evaluation [BLOWN] • 50K (EndOfDay Drawdown) • TakeProfitTrader-635000920,1015200.0,1015150.0,25380.0,25378.75,,,,,"",2026-02-09,12:31:42 EST,0.0,"","",0.0,"","","",25380.0,2,25378.75,-50.0,"",0.0,0.0,NQ,future,not knowing how to use tradovate w/ trading view,-50.0,-0.00004925,"",2026-02-09,12:31:42 EST,,,-1.25,-50.0,50.0,25378.75,25381.25,"",,,true,"",long,Loss,"","",NQ,-10.0,-5.0,0.0,0.0,,2.0,"","",-100.0
Evaluation [BLOWN] • 50K (EndOfDay Drawdown) • TakeProfitTrader-635000920,507260.0,507280.0,25363.0,25364.0,3.42,585.0,25392.25,2026-02-09 20:50:00 UTC,"",2026-02-09,16:27:36 EST,0.0,"","",2797.0,"","","",25363.0,2,25364.0,20.0,"",0.0,0.0,NQ,future,"",20.0,0.00003943,"",2026-02-09,15:40:59 EST,,,1.0,-615.0,585.0,25332.25,25392.25,"",,,false,"",long,Win,"","",NQ,4.0,4.0,0.0,0.0,0.5,1.0,"","",3.41880342
Evaluation [BLOWN] • 50K (EndOfDay Drawdown) • TakeProfitTrader-635000920,193500.0,193230.0,64.5,64.41,,450.0,64.65,2026-02-10 14:00:00 UTC,"",2026-02-10,09:00:01 EST,0.0,"","",118.0,"","","",64.5,2,64.41,-270.0,"",0.0,0.0,CL,future,kept moving stoploss,-270.0,-0.00139535,"",2026-02-10,08:58:03 EST,,,-0.09,-270.0,30.0,64.41,64.51,"",,,true,"",long,Loss,"",ZTH | Pivot,CL,-27.0,-9.0,0.0,0.0,0.5,3.0,"","",-100.0
Evaluation [BLOWN] • 50K (EndOfDay Drawdown) • TakeProfitTrader-635000920,193050.0,193410.0,64.35,64.47,,,,,"",2026-02-10,09:12:25 EST,0.0,"","",375.0,"","","",64.35,2,64.47,360.0,"",0.0,0.0,CL,future,moved tp & sl,360.0,0.0018648,"",2026-02-10,09:06:10 EST,,,0.12,60.0,450.0,64.37,64.5,"",,,true,"",long,Win,"",ZTH | Pivot,CL,36.0,12.0,0.0,0.0,1.5,3.0,"","",76.92307692
Evaluation [BLOWN] • 50K (EndOfDay Drawdown) • TakeProfitTrader-635000920,507525.0,507270.0,25376.25,25363.5,0.05,507525.0,0.0,1970-01-01 00:00:00 UTC,"",2026-02-10,11:15:36 EST,0.0,"","",287.0,"","","",25376.25,2,25363.5,255.0,"",0.0,0.0,NQ,future,moved tp & sl,255.0,0.00050269,"",2026-02-10,11:10:49 EST,,,12.75,-260.0,545.0,25389.25,25349.0,"",,,true,"",short,Win,"","",NQ,51.0,51.0,0.0,0.0,1.5,1.0,"","",46.78899083
Evaluation [BLOWN] • 50K (EndOfDay Drawdown) • TakeProfitTrader-635000920,502320.0,502800.0,25116.0,25140.0,9.82,4890.0,25360.5,2026-02-11 19:00:00 UTC,"",2026-02-11,10:37:50 EST,0.0,"","",24.0,"","","",25116.0,2,25140.0,480.0,"",0.0,0.0,NQ,future,"",480.0,0.00095557,"",2026-02-11,10:37:26 EST,,,24.0,-110.0,490.0,25110.5,25140.5,"",,,true,"",long,Win,"",ZTH | Pivot,NQ,96.0,96.0,0.0,0.0,1.0,1.0,"","",97.95918367
Evaluation [BLOWN] • 50K (EndOfDay Drawdown) • TakeProfitTrader-635000920,504065.0,504565.0,25203.25,25228.25,15.9,3145.0,25360.5,2026-02-11 19:00:00 UTC,"",2026-02-11,11:40:04 EST,0.0,"","",698.0,"","","",25203.25,2,25228.25,500.0,"",0.0,0.0,NQ,future,"",500.0,0.00099194,"",2026-02-11,11:28:26 EST,,,25.0,-565.0,1065.0,25175.0,25256.5,"",,,true,"",long,Win,"","",NQ,100.0,100.0,0.0,0.0,1.0,1.0,"","",46.94835681
Evaluation [BLOWN] • 50K (EndOfDay Drawdown) • TakeProfitTrader-635000920,193440.0,193680.0,64.48,64.56,88.89,270.0,64.57,2026-02-12 12:00:00 UTC,"",2026-02-12,06:57:35 EST,0.0,"","",104.0,"","","",64.48,2,64.56,240.0,"",0.0,0.0,CL,future,"",240.0,0.00124069,"",2026-02-12,06:55:51 EST,,,0.08,90.0,270.0,64.51,64.57,"",,,true,"",long,Win,"","",CL,24.0,8.0,0.0,0.0,1.5,3.0,"","",83.33333333
Evaluation [BLOWN] • 50K (EndOfDay Drawdown) • TakeProfitTrader-635000920,193530.0,193560.0,64.51,64.52,,,,,"",2026-02-12,07:27:01 EST,0.0,"","",470.0,"","","",64.51,2,64.52,30.0,"",0.0,0.0,CL,future,"",30.0,0.00015501,"",2026-02-12,07:19:11 EST,,,0.01,-270.0,60.0,64.42,64.53,"",,,true,"",long,Win,"","",CL,3.0,1.0,0.0,0.0,0.5,3.0,"","",50.0
Evaluation [BLOWN] • 50K (EndOfDay Drawdown) • TakeProfitTrader-635000920,342150.0,341075.0,6843.0,6821.5,,,,,"",2026-02-13,09:55:00 EST,0.0,"",yes,900.0,anxious,"",fcr,6843.0,2,6821.5,1075.0,"rapidly opposed my idea, as expected",0.0,0.0,ES,future,"",1075.0,0.0031518,"",2026-02-13,09:40:00 EST,,,21.5,,,,,respected,,,true,break & retest,short,Win,respected,"",ES,86.0,86.0,0.0,0.0,1.5,1.0,no,exited in profit,
Evaluation [BLOWN] • 50K (EndOfDay Drawdown) • TakeProfitTrader-635000920,341050.0,343062.5,6821.0,6861.25,,,,,"",2026-02-13,10:25:00 EST,0.0,"",yes,1800.0,"anxious, frustrated, greedy, stressed",fear of missing out,"",6821.0,2,6861.25,-2012.5,"blew account, not as expected, rapidly opposed my idea",0.0,0.0,ES,future,"chasing price, fomo, kept moving stoploss, not in plan, overtrade, revenge trading, rushing",-2012.5,-0.00586628,"",2026-02-13,09:55:00 EST,,,-40.25,,,,,"",,,true,"",short,Loss,"","",ES,-161.0,-161.0,0.0,0.0,,1.0,no,"",
"Evaluation [BLOWN] • 100K (""STATIC"" Drawdown) • ApexLegacy-484839-01",253800.0,253552.5,25380.0,25355.25,,,,,"",2026-02-09,12:58:32 EST,0.0,"","",1941.0,"","","",25380.0,2,25355.25,-247.5,"",0.0,0.0,MNQ,future,"bleed, kept moving stoploss",-247.5,-0.00097518,"",2026-02-09,12:26:11 EST,,,-24.75,-305.0,212.5,25349.5,25401.25,"",,,false,"",long,Loss,"","",MNQ,-495.0,-99.0,0.0,0.0,,5.0,"","",-81.14754098
"Evaluation [BLOWN] • 100K (""STATIC"" Drawdown) • ApexLegacy-484839-01",253842.5,253472.5,25384.25,25347.25,,,,,"",2026-02-09,15:35:00 EST,0.0,"",yes,4860.0,"greedy, ambivalent, angry, fearful","","",25384.25,2,25347.25,-370.0,"not as expected, blew account",0.0,0.0,MNQ,future,moved tp & sl,-370.0,-0.0014576,"",2026-02-09,14:14:00 EST,,,-37.0,,,,,not respected,,,false,break & retest,long,Loss,not respected,Break & Retest,MNQ,-740.0,-148.0,0.0,0.0,,5.0,no,"",
"Evaluation [BLOWN] • 100K (""FULL"" - Intraday Drawdown) • ApexLegacy-484839-02",508755.0,508165.0,25437.75,25408.25,0.12,508755.0,0.0,1970-01-01 00:00:00 UTC,"",2026-02-10,10:34:43 EST,0.0,"","",197.0,"","","",25437.75,2,25408.25,590.0,"",0.0,0.0,NQ,future,moved tp & sl,590.0,0.00116104,"",2026-02-10,10:31:26 EST,,,29.5,-20.0,690.0,25438.75,25403.25,"",,,true,"",short,Win,"","",NQ,118.0,118.0,0.0,0.0,1.5,1.0,"","",85.50724638
"Evaluation [BLOWN] • 100K (""FULL"" - Intraday Drawdown) • ApexLegacy-484839-02",505050.0,505255.0,25252.5,25262.75,9.49,2160.0,25360.5,2026-02-11 19:00:00 UTC,"",2026-02-11,13:27:39 EST,0.0,"","",1540.0,"","","",25252.5,2,25262.75,205.0,"",0.0,0.0,NQ,future,chasing price,205.0,0.0004059,"",2026-02-11,13:01:59 EST,,,10.25,-1035.0,495.0,25200.75,25277.25,"",,,true,"",long,Win,"","",NQ,41.0,41.0,0.0,0.0,,1.0,"","",41.41414141
"Evaluation [BLOWN] • 100K (""FULL"" - Intraday Drawdown) • ApexLegacy-484839-02",193350.0,192270.0,64.45,64.09,73.47,1470.0,63.96,2026-02-12 13:00:00 UTC,"",2026-02-12,08:42:08 EST,0.0,"","",3123.0,"","","",64.45,2,64.09,1080.0,"",0.0,0.0,CL,future,"",1080.0,0.0056171,"",2026-02-12,07:50:05 EST,,,0.36,-480.0,1320.0,64.61,64.01,"",,,true,"",short,Win,"",ZTH | Pivot,CL,108.0,36.0,0.0,0.0,2.5,3.0,"","",81.81818182
"Evaluation [BLOWN] • 100K (""FULL"" - Intraday Drawdown) • ApexLegacy-484839-02",345850.0,342850.0,6917.0,6857.0,,,,,"",2026-02-12,18:00:00 EST,0.0,"",yes,25200.0,"angry, ambivalent, anxious, fearful, frustrated, greedy, stressed","fvg, fear of missing out","",6917.0,2,6857.0,-3000.0,"not as expected, blew account",0.0,0.0,ES,future,"not an a+ setup, moved tp & sl, chasing price",-3000.0,-0.00867428,"",2026-02-12,11:00:00 EST,,,-60.0,,,,,"",,,false,"",long,Loss,not respected,"",ES,-240.0,-240.0,0.0,0.0,,1.0,no,"",
Evaluation [BLOWN] • 100K (FULL) • ApexLegacy-484839-05_reset:3,190410.0,190350.0,63.47,63.45,66.67,90.0,63.44,2026-02-16 16:00:00 UTC,"downtrend, uptrend",2026-02-16,11:07:49 EST,0.0,"emas bullish, emas bearish",yes,1682.0,"frustrated, stressed, angry, happy, confident, ambivalent, anxious, calm, excited, fearful, neutral","fvg, fear of missing out",other (specify below),63.47,2,63.45,60.0,"as expected, not as expected, rapidly opposed my idea",0.0,0.0,CL,future,"continued to retrace after entry, bleed, chasing price, ignored bias, kept moving stoploss, moved tp & sl, no confluence, not an a+ setup, not filled 2nd sweep, not knowing how to use tradovate w/ trading view, not off a level, rushing, slow to execute, stopped out on retractement, volatility",60.0,0.00031521,"poor execution, great execution",2026-02-16,10:39:47 EST,,,0.02,-330.0,90.0,63.58,63.44,"1:2 rr, respected, not respected",,,true,"practice position sizing, shouldn't be in this trade, testing, rejection off resistance, 123, 5min tf, oops, break & retest, pivot buy, pivot sell",short,Win,"stop hit, respected, not respected","Break & Retest - Vincent Desiano Template, ZTH | 1-2-3, ZTH | Bounce, Break & Retest, ZTH | Rejection, ZTH | Pivot, IT | 35A, IT | G2, IT | SMOG, IT | TCL 1.0 (AKA TCL Max/Ultra), IT | TC1 & 2, IT | CH1 & 2, ZTH | SFP",CL,6.0,2.0,0.0,0.0,0.5,3.0,no,"exited in profit, realized the trade was moving the opposite direction",66.66666667
Evaluation [BLOWN] • 100K (FULL) • ApexLegacy-484839-05_reset:3,49759.0,49859.5,24879.5,24929.75,,416.0,24688.0,2026-02-23 16:00:00 UTC,downtrend,2026-02-23,10:21:43 EST,0.0,emas bearish,yes,770.0,"excited, anxious","fear of missing out, fvg",fcr,24879.5,2,24929.75,-100.5,"decent, not as expected",-98.5,192.0,MNQ,future,"continued to retrace after entry, not an a+ setup, stopped out on retractement",-100.5,-0.00201566,thanks for helping me follow you during live trading as ny open can feel stressful but all the information and encouragment you share is very valuable,2026-02-23,10:08:53 EST,,1.94923858,-50.25,-100.5,80.0,24929.75,24839.5,1:2 rr,-1.02030457,,true,break & retest,short,Loss,"respected, stop hit","Break & Retest, STB | FCR",MNQ,-201.0,-201.0,0.0,0.0,2.0,1.0,no,comitted to plan,-100.0
Evaluation [BLOWN] • 100K (FULL) • ApexLegacy-484839-05_reset:3,34336.25,34301.25,6867.25,6860.25,,-34336.25,,,"bullish on lower tf, bearish on higher tf",2026-02-24,09:56:22 EST,0.0,"",yes,66.0,"anxious, fearful, stressed, greedy","fear of missing out, fvg",fcr,6867.25,2,6860.25,-35.0,"rapidly opposed my idea, not as expected",-35.0,81.25,MES,future,"continued to retrace after entry, stopped out on retractement",-35.0,-0.00101933,"",2026-02-24,09:55:16 EST,,2.32142857,-7.0,-38.75,2.5,6859.5,6867.75,1:2 rr,-1.0,,true,123,long,Loss,"respected, stop hit","ZTH | 1-2-3, STB | FCR",MES,-28.0,-28.0,0.0,0.0,,1.0,no,"comitted to plan, realized the trade was moving the opposite direction",-90.32258065
Evaluation [BLOWN] • 100K (FULL) • ApexLegacy-484839-05_reset:3,101115.0,101680.0,25278.75,25420.0,65.32,865.0,25495.0,2026-02-25 21:00:00 UTC,uptrend,2026-02-25,16:26:32 EST,0.0,emas bullish,no,19994.0,"happy, confident, anxious, neutral, excited",fvg,"fcr, catching the move of the day, other (specify below)",25278.75,2,25420.0,565.0,as expected,0.0,0.0,MNQ,future,"",565.0,0.0055877,"great execution, green day!",2026-02-25,10:53:18 EST,,,141.25,11.0,565.0,25281.5,25420.0,"respected, 1:2 rr",,,true,pivot buy,long,Win,respected,STB | FCR,MNQ,1130.0,565.0,0.0,0.0,4.0,2.0,yes,"comitted to plan, exited in profit",100.0
Evaluation [BLOWN] • 100K (FULL) • ApexLegacy-484839-05_reset:3,150003.0,150561.0,25000.5,25093.5,,279.0,24954.0,2026-02-26 23:00:00 UTC,downtrend,2026-02-26,14:47:39 EST,0.0,emas bearish,yes,4217.0,"ambivalent, angry, anxious, fearful, frustrated, stressed","fear of missing out, fvg",other (specify below),25000.5,2,25093.5,-558.0,not as expected,0.0,0.0,MNQ,future,"chasing price, continued to retrace after entry, not an a+ setup, fomo, adjusted my entry from where my plan was",-558.0,-0.00370614,poor execution,2026-02-26,13:37:22 EST,,,-93.0,-558.0,141.0,25093.5,24977.0,"",,,true,pivot sell,short,Loss,"respected, stop hit","ZTH | Pivot, STB | FCR",MNQ,-1116.0,-372.0,0.0,0.0,1.0,3.0,no,"comitted to plan, realized the trade was moving the opposite direction",-100.0
Evaluation [BLOWN] • 100K (FULL) • ApexLegacy-484839-05_reset:3,243395.0,243580.0,48679.0,48716.0,8.37,2210.0,49121.0,2026-03-02 19:00:00 UTC,"bearish on higher tf, uptrend",2026-03-02,09:54:26 EST,0.0,"",yes,134.0,"anxious, stressed, greedy, fearful, excited","fear of missing out, fvg, live trading with zth",fcr,48679.0,2,48716.0,185.0,"not as expected, decent",0.0,0.0,YM,future,"scared myself out of some additional profit, fear of loss, not in plan, rushing, revenge trading",185.0,0.00076008,not in my plan but worked out and with eval up in a few days i had to take some trades but as you'll see maybe 1 too many today lol,2026-03-02,09:52:12 EST,,,37.0,-85.0,210.0,48662.0,48721.0,"bailed on trade idea, not respected",,,true,break & retest,long,Win,bailed on trade idea,"Break & Retest, STB | FCR",YM,37.0,37.0,0.0,0.0,1.5,1.0,no,exited in profit,88.0952381
Evaluation [BLOWN] • 100K (FULL) • ApexLegacy-484839-05_reset:3,343825.0,342787.5,6876.5,6855.75,553.33,187.5,6872.75,2026-03-02 20:00:00 UTC,"downtrend, bearish on higher tf",2026-03-02,11:27:39 EST,0.0,"",no,527.0,"calm, confident, excited, happy",waited for pivot retracement,"cisd, change of delivery",6876.5,2,6855.75,1037.5,"as expected, straight to take profit!",0.0,0.0,ES,future,"",1037.5,0.00302666,"woah, if they all were like that lol",2026-03-02,11:18:52 EST,,,20.75,50.0,1100.0,6875.5,6854.5,respected,,,true,"pivot sell, rejection off resistance",short,Win,respected,ZTH | Pivot,ES,83.0,83.0,0.0,0.0,4.0,1.0,yes,"comitted to plan, did not touch the trade idea, simply watched it run to tp!",94.04761905
Evaluation [BLOWN] • 100K (FULL) • ApexLegacy-484839-05_reset:3,343412.5,344175.0,6868.25,6883.5,,,,,bearish on higher tf,2026-03-02,16:58:55 EST,0.0,"",yes,19311.0,"ambivalent, anxious, frustrated, greedy, stressed, fearful","fear of missing out, momentum",catching the move of the day,6868.25,2,6883.5,-762.5,"not as expected, decent, rapidly opposed my idea",0.0,0.0,ES,future,"not an a+ setup, overtrade, rushing, moved tp & sl, kept moving stoploss, fomo, fear of loss, continued to retrace after entry, chasing price, bleed",-762.5,-0.00221544,"hoped to break even and some, told myself 16:58 we close the position grateful but getting caught in a losing position is exhausting, had i cut my losses may i could have executed a different idea had i not been so narrow foucsed in saving the losing trade of the day",2026-03-02,11:37:04 EST,,,-15.25,-2150.0,0.0,6911.25,6872.75,aiming for the moon! :-) lol,,,true,"oops, pivot sell, continuation",short,Loss,"not respected, original stop would have hit","Break & Retest, ZTH | Pivot",ES,-61.0,-61.0,0.0,0.0,1.5,1.0,no,"accepted it, calculated my liquidation threshold for awarness",-35.46511628
Evaluation [BLOWN] • 100K (FULL) • ApexLegacy-484839-05_reset:3,338262.5,337887.5,6765.25,6757.75,,3300.0,6831.25,2026-03-03 18:00:00 UTC,bearish on higher tf,2026-03-03,09:44:29 EST,0.0,emas bearish,yes,86.0,"anxious, frustrated","pivot buy before pivot sell, fvg, momentum",other (specify below),6765.25,2,6757.75,-375.0,"not as expected, came back to my original idea",0.0,0.0,ES,future,"rushing, volatility, ignored bias, fomo, chasing price",-375.0,-0.00110861,"i feel ny open is somewehre i need to improve, the idea was there but execution was off",2026-03-03,09:43:03 EST,,,-7.5,-400.0,50.0,6757.25,6766.25,tried to exit as soon as i got in but then stayed in anyway,,,true,"break & retest, shouldn't be in this trade",long,Loss,"respected, stop hit",Break & Retest,ES,-30.0,-30.0,0.0,0.0,1.0,1.0,no,"accepted it, realized we were caught in strong level of buying and selling",-93.75
Evaluation [BLOWN] • 100K (FULL) • ApexLegacy-484839-05_reset:3,337862.5,339312.5,6757.25,6786.25,,,,,"bearish on higher tf, uptrend, switched on lower tf",2026-03-03,11:43:44 EST,0.0,"emas bearish, emas bullish",yes,2360.0,"i was stable before entering but not while in the trade, calm, confident, excited, fearful, frustrated, anxious, angry, ambivalent, stressed",waited for pivot retracement,fcr,6757.25,2,6786.25,-1450.0,"not as expected, blew account",0.0,0.0,ES,future,"bleed, continued to retrace after entry, ignored recent bias in order to stick to my plan, moved tp & sl, kept moving stoploss, cancelled stop loss",-1450.0,-0.00427335,"price action went against my daily plan, i market fcr on open and close vs wicks by accident today somehow even after builing an idicator to do it for me i manually drew the lines today, i entered at fcr 'short from here' after retrace from displacement but it retraced today again back through the 'long from here'",2026-03-03,11:04:24 EST,,,-29.0,-1725.0,0.0,6791.75,6761.75,aiming to trail beyond local low,,,true,pivot sell,short,Loss,"not respected, cancelled, auto-liquidated","ZTH | Rejection, ZTH | Pivot, STB | FCR",ES,-116.0,-116.0,0.0,0.0,1.0,1.0,no,"accepted it, calculated my liquidation threshold for awarness, realized the trade was moving the opposite direction, journaled and documented data",-84.05797101
Evaluation [BLOWN] • 100K (FULL) • ApexLegacy-484839-05_reset:3,76380.0,75920.0,76.38,75.92,,50.0,76.43,2026-03-03 17:00:00 UTC,"uptrend, bearish on lower tf, bullish on higher tf, switched on lower tf",2026-03-03,11:43:44 EST,0.0,emas bullish,no,757.0,"ambivalent, frustrated, stressed, neutral","fear of missing out, waited for pivot retracement, fvg",other (specify below),76.38,2,75.92,-460.0,"not as expected, blew account",0.0,0.0,CL,future,"fomo, continued to retrace after entry",-460.0,-0.00602252,"lessons documented, ouch - see my review on github, price action went against my daily plan, i even entered lower than i wanted to be ""safe"" lol",2026-03-03,11:31:07 EST,,,-0.46,-1020.0,350.0,75.36,76.73,aiming to trail beyond local high,,,true,"continuation, pivot buy, bounce off support",long,Loss,"respected, stop hit","ZTH | Bounce, ZTH | Pivot",CL,-46.0,-46.0,0.0,0.0,,1.0,yes,"accepted it, comitted to plan, did not touch the trade idea, realized the trade was moving the opposite direction",-45.09803922
Evaluation [BLOWN] • 50K (EOD) • TakeProfitTrader-401190651_reset:1,495145.0,492935.0,24757.25,24646.75,,,,,"",2026-02-17,09:51:00 EST,0.0,"",yes,540.0,fearful,fear of missing out,other (specify below),24757.25,2,24646.75,-2210.0,rapidly opposed my idea,0.0,0.0,NQ,future,"",-2210.0,-0.00446334,"",2026-02-17,09:42:00 EST,,,-110.5,,,,,"",,,true,"",long,Loss,"",Break & Retest,NQ,-442.0,-442.0,0.0,0.0,,1.0,no,"",
Evaluation [BLOWN] • 100K (FULL) • ApexLegacy-484839-03_reset:1,493720.0,496800.0,24686.0,24840.0,,,,,"",2026-02-13,09:45:00 EST,0.0,"",yes,300.0,"ambivalent, angry, anxious, fearful, frustrated, greedy, stressed","","",24686.0,2,24840.0,-3080.0,"blew account, not as expected",0.0,0.0,NQ,future,"not off a level, overtrade, revenge trading, rushing, not in plan, bleed, chasing price, fear of loss, fomo, kept moving stoploss, ignored bias, not an a+ setup",-3080.0,-0.00619968,"",2026-02-13,09:40:00 EST,,,-154.0,,,,,"",,,false,"",short,Loss,not respected,"",NQ,-616.0,-616.0,0.0,0.0,,1.0,no,"",
Evaluation [BLOWN] • 100K (FULL) • ApexLegacy-484839-04_reset:2,493720.0,496800.0,24686.0,24840.0,,,,,"",2026-02-13,10:30:00 EST,0.0,"",yes,2100.0,"angry, frustrated, greedy, stressed, anxious, ambivalent, fearful","","",24686.0,2,24840.0,-3080.0,"not as expected, blew account",0.0,0.0,NQ,future,"fear of loss, fomo, ignored bias, not in plan, overtrade, not off a level, revenge trading, rushing, not an a+ setup, chasing price, bleed",-3080.0,-0.00619968,"",2026-02-13,09:55:00 EST,,,-154.0,,,,,"",,,false,"",short,Loss,not respected,"",NQ,-616.0,-616.0,0.0,0.0,,1.0,no,"",
Evaluation [*PASSED!*] • 100K (FULL) • ApexLegacy-484839-06_reset:4,150142.5,150034.5,25023.75,25005.75,,514.5,25109.5,2026-03-10 18:30:00 UTC,"bullish on lower tf, bullish on higher tf, uptrend",2026-03-10,16:59:01 EDT,0.0,emas bullish,no,9714.0,"ambivalent, anxious, fearful, frustrated, i was stable before entering but not while in the trade, stressed","momentum, waited for pivot retracement, stayed conservative on entry and market aggressively filled it",other (specify below),25023.75,2,25005.75,-108.0,not as expected,0.0,0.0,MNQ,future,"continued to retrace after entry, ignored recent bias in order to stick to my plan, not an a+ setup",-108.0,-0.00071932,"i thought about getting out in profit so many times but played the idea out, almost closed out in profit a few times but stayed to play the idea out, wanted to move the sl so bad (1 tick away and never hit though!), conservative entry and market still agressively came to fill it",2026-03-10,14:17:07 EDT,,,-18.0,-498.0,514.5,24940.75,25109.5,"thought of exiting early but stayed in, aiming to trail beyond local high",,,true,"fcr continuation, pivot buy",long,Loss,respected,"",MNQ,-216.0,-72.0,0.0,0.0,1.5,3.0,no,"accepted it, comitted to plan, did not touch the trade idea, realized the trade was moving the opposite direction, journaled and documented data",-21.68674699
Evaluation [*PASSED!*] • 100K (FULL) • ApexLegacy-484839-06_reset:4,148033.5,148302.0,24672.25,24717.0,,330.0,24617.25,2026-03-16 16:00:00 UTC,"",2026-03-16,11:22:21 EDT,0.0,"",no,2137.0,"stressed, anxious, fearful, frustrated, i was stable before entering but not while in the trade, ambivalent",waited for pivot retracement,"",24672.25,2,24717.0,-268.5,not as expected,0.0,0.0,MNQ,future,"continued to retrace after entry, stayed too long, ignored recent bias in order to stick to my plan",-268.5,-0.00181049,i want to get better at knowing when i should respect taking the trade off in profit feeling a reversal vs taking off prematurely,2026-03-16,10:46:44 EDT,,,-44.75,-324.0,420.0,24726.25,24602.25,"1:2 rr, thought of exiting in profit twice but stayed",,,true,break & retest,short,Loss,slightly moved early on after in the trade but did not move it later,Break & Retest,MNQ,-537.0,-179.0,0.0,0.0,2.0,3.0,no,"accepted it, comitted to plan, realized the trade was moving the opposite direction, journaled and documented data, did not touch the trade idea",-82.87037037
Evaluation [*PASSED!*] • 100K (FULL) • ApexLegacy-484839-06_reset:4,126145.0,125210.0,2522.9,2504.2,97.91,955.0,2503.8,2026-03-16 19:30:00 UTC,switched on lower tf,2026-03-16,15:38:26 EDT,0.0,"",yes,1703.0,"confident, anxious, calm, excited, happy","stayed conservative on entry and market aggressively filled it, waited for pivot retracement, ob, fvg, key levels",catching the move of the day,2522.9,2,2504.2,935.0,straight to take profit!,0.0,0.0,RTY,future,"",935.0,0.00746745,"great execution, green day!, now to keep that up consistently :-)",2026-03-16,15:10:03 EDT,,,18.7,265.0,955.0,2517.6,2503.8,"respected, 1:2.5 rr, thought of exiting early but stayed in",,,true,"sfp, rejection off resistance, pivot sell",short,Win,"respected, wicked right to entry and barley touched sl :-)","ZTH | Rejection, ZTH | Pivot",RTY,187.0,187.0,0.0,0.0,4.0,1.0,yes,"comitted to plan, did not touch the trade idea, exited in profit, journaled and documented data, simply watched it run to tp!, took into consideration many different confluences, chose cleaner associated instrument",97.10144928
Evaluation [*PASSED!*] • 100K (FULL) • ApexLegacy-484839-06_reset:4,150573.0,149610.0,25095.5,24935.0,58.1,1657.5,24819.25,2026-03-18 14:00:00 UTC,"bullish on higher tf, bearish on lower tf",2026-03-18,08:42:56 EDT,0.0,"",yes,41944.0,"ambivalent, angry, anxious, calm, confident, excited, fearful, frustrated, i was stable before entering but not while in the trade, stressed","fear of missing out, key levels, fvg, ob, stayed conservative on entry and market aggressively filled it, waited for pivot retracement",catching the move of the day,25095.5,2,24935.0,963.0,"profitable, kind of as expected, came back to my original idea",0.0,0.0,MNQ,future,"kept moving stoploss, ignored recent bias in order to stick to my plan, trade during news event, rushing, continued to retrace after entry, fomo, chasing price",963.0,0.00643674,"i had been waiting all day for this trade; then when i went to take it after my web3 class at 21:00, i rushed in as my trade projection on trading view had to be resetup for some reason it dropped the limit orders and had i honored that being help from higher power i could have gotten a better entry, a lot of praying and committed to taking a larger loss to take the chance for that long compression in asis session to finally break down in london :-)",2026-03-17,21:03:52 EDT,,,160.5,-691.5,1357.5,25210.75,24869.25,respected,,,true,"oops, pivot sell, fcr continuation",short,Win,"not respected, original stop would have hit, essentailly cancelled",ZTH | Pivot,MNQ,1926.0,642.0,0.0,0.0,2.5,3.0,no,"accepted it, comitted to plan, exited in profit, journaled and documented data, realized the trade was moving the opposite direction, realized we were caught in strong level of buying and selling, took into consideration many different confluences",70.93922652
Evaluation [*PASSED!*] • 100K (FULL) • ApexLegacy-484839-06_reset:4,122755.0,123280.0,2455.1,2465.6,78.95,665.0,2468.4,2026-03-20 20:50:00 UTC,"bearish on higher tf, bearish on lower tf, downtrend",2026-03-20,16:59:01 EDT,0.0,"",yes,9402.0,"ambivalent, anxious, fearful, frustrated, happy, stressed, excited",older manipulation wick,catching the move of the day,2455.1,2,2465.6,525.0,"profitable, kind of as expected, decent, came back to my original idea",0.0,0.0,RTY,future,"left old projected limit order active, cancelled stop loss",525.0,0.00427681,"all end of the week i was attempting to force a trade scared i won't pass this eval, kept conservative projections but did not expect this one to get filled as i closed my eyes momentarily feeling exhausted, almost executed on many opportunities this morning in fast beautiful mid candle smt scenarios, but couldn't seem to click to the button feeling scared of all that wipsaw action and potentially being humbled or overconfident if i caught some",2026-03-20,14:22:19 EDT,,,10.5,-925.0,665.0,2436.6,2468.4,"the grace of god, thought of exiting early but stayed in",,,true,"bounce off support, pivot buy, shouldn't be in this trade, sfp",long,Win,cancelled,ZTH | Bounce,RTY,105.0,105.0,0.0,0.0,2.5,1.0,no,"exited in profit, comitted to plan, accepted it, took into consideration many different confluences, realized we were caught in strong level of buying and selling, journaled and documented data",78.94736842
Evaluation [*PASSED!*] • 100K (FULL) • ApexLegacy-484839-06_reset:4,333650.0,332425.0,6673.0,6648.5,74.24,1650.0,6640.0,2026-03-24 20:40:00 UTC,"bullish on lower tf, bearish on higher tf",2026-03-24,16:59:01 EDT,0.0,"",yes,1941.0,"confident, excited, fearful, frustrated, happy, stressed, ambivalent, anxious, angry, calm","waited for pivot retracement, stayed conservative on entry and market aggressively filled it, ob, key levels, older manipulation wick, fvg","catching the move of the week, catching the move of the day",6673.0,2,6648.5,1225.0,"profitable, kind of as expected, decent, came back to my original idea",0.0,0.0,ES,future,"",1225.0,0.00368504,"wow a lot of praying and was super grateful to have the live coaches and mentoring classes to help me through even through mentally, not sure if i have until midnight to pass the eval or if market close today was it, email this morning said it renewed but i didn't see a reset yet",2026-03-24,16:26:40 EDT,,,24.5,-237.5,1650.0,6677.75,6640.0,never reached-due to apex auto-close,,,true,"pivot sell, rejection off resistance",short,Win,respected,ZTH | Pivot,ES,98.0,98.0,0.0,0.0,3.5,1.0,no,"comitted to plan, did not touch the trade idea, exited in profit",74.24242424
Evaluation [*PASSED!*] • 100K (FULL) • ApexLegacy-484839-06_reset:4,13853.5,13940.5,2770.7,2788.1,,44.5,2761.8,2026-04-17 13:00:00 UTC,"bullish on higher tf, uptrend",2026-04-17,16:59:02 EDT,0.0,"targeting limits at conservative local and higher strcuture points, what appears to be exhausted uptrend",no,29190.0,"anxious, ambivalent, frustrated","ob, key levels, fear of missing out","catching the move of the day, other (specify below)",2770.7,2,2788.1,-87.0,could have been worse,0.0,0.0,M2K,future,"fear of loss, fomo, chasing price",-87.0,-0.00624081,"i notice i look for reversals moreso than continuations and hearing jesse say that the maret is typically trending., if i made that simple chnage or did everything opposite what i do iol, i've caught both continuations and reversals cleanly before, but recently i have been getting an incorrect feel again often moreso",2026-04-17,08:52:32 EDT,,,-17.4,-186.0,44.5,2807.9,2761.8,1:2 rr,,,true,retracement from beyond ath,short,Loss,"respected, more of a swing trade idea","",M2K,-174.0,-174.0,0.0,0.0,1.0,1.0,no,tested idea on 1 micro contract,-46.77419355
Evaluation [*PASSED!*] • 100K (FULL) • ApexLegacy-484839-06_reset:4,9111.0,8970.0,91.11,89.7,43.25,326.0,87.85,2026-04-21 20:10:00 UTC,"uptrend, bearish on higher tf, bullish on lower tf",2026-04-21,16:09:48 EDT,0.0,"",yes,1664.0,"calm, fearful, happy, neutral, i was stable before entering but not while in the trade, anxious","stayed conservative on entry and market aggressively filled it, key levels, fear of missing out, ob","catching the move of the day, other (specify below)",91.11,2,89.7,141.0,"came back to my original idea, decent, kind of as expected, profitable",0.0,0.0,MCL,future,"chasing price, fomo, moved tp & sl, not in plan, trading against the trend",141.0,0.01571906,"it was a last minute idea with many orders i planned on each indicie charts, i almost exited in the red but wow the market quickly secured profit as i moved tp into a place i hoped to at least see a green day for a change :-)",2026-04-21,15:42:04 EDT,,,1.41,-112.0,248.0,92.23,88.63,modified my idea as time unfolded,,,true,pivot sell,short,Win,actaully wasn't too concerned about it and accepted risk with variable sl as market was soon closing,ZTH | Pivot,MCL,141.0,141.0,0.0,0.0,2.5,1.0,no,noticed indicies resting liquidity aiding my short-term idea,56.85483871
Evaluation [*PASSED!*] • 100K (FULL) • ApexLegacy-484839-06_reset:4,245610.0,246705.0,49122.0,49341.0,54.07,2025.0,49527.0,2026-04-23 18:00:00 UTC,"bullish on higher tf, switched on lower tf",2026-04-23,13:53:31 EDT,0.0,"conservative near ob beyond fvg, market exhaustion",no,678.0,"calm, excited, confident, neutral, happy","key levels, waited for pivot retracement, ob, older manipulation wick","catching the move of the day, advanced structure entry",49122.0,2,49341.0,1095.0,"wow sfp manipulation candle, straight to modified tp, profitable, kind of as expected, decent, came back to my original idea, as expected",0.0,0.0,YM,future,"moved tp & sl, overtrade?-but turned into an it-tcl setup",1095.0,0.00445829,"this was a limit order i did not expect to get hit but it saved the day :-), i have been setting limits far out recently and mostly sitting on my hands observing the recent manipulation come close to our limits on these bigger moves nervous to get stopped on smaller trade ideas but today we got hit strong lol",2026-04-23,13:42:13 EDT,,,219.0,-430.0,1150.0,49036.0,49352.0,"not respected, moved to be grateful for the win",,,true,"pivot buy, sfp, bounce off support",long,Win,"moved but price respected idea, more of a swing trade idea",ZTH | SFP,YM,219.0,219.0,0.0,0.0,4.0,1.0,yes,"comitted to plan, exited in profit, move tp to secure profits",95.2173913
Evaluation [*PASSED!*] • 100K (FULL) • ApexLegacy-484839-06_reset:4,139055.0,138915.0,2781.1,2778.3,,350.0,2788.1,2026-04-23 18:00:00 UTC,"bullish on higher tf, switched on lower tf",2026-04-23,16:59:01 EDT,0.0,"conservative near ob beyond fvg, market exhaustion",yes,13769.0,"anxious, neutral","key levels, older manipulation wick, stayed conservative on entry and market aggressively filled it","advanced structure entry, catching the move of the day",2781.1,2,2778.3,-140.0,"could have been worse, not as expected, wow sfp manipulation candle",0.0,0.0,RTY,future,"moved tp & sl, stayed too long, volatility, trade during wartime, continued to retrace after entry, felt the urge to adjust limit which had me sitting on my hands prev but stuck to the plan",-140.0,-0.0010068,"i have been setting limits far out recently and mostly sitting on my hands observing the recent manipulation come close to our limits on these bigger moves nervous to get stopped on smaller trade ideas but today we got hit strong lol, i thought for sure when both trades were agains tme for a moment the account was going to blow but i am glad i didn't accpet the large loss by closing the position in the red, i need to get better with exit passivity as i let apex close the trade watching the divergence of cl helping us up until the last minute lol",2026-04-23,13:09:32 EDT,,,-2.8,-1610.0,350.0,2748.9,2788.1,"not respected, bailed on trade idea, modified my idea as time unfolded, thought about exiting over break even twice but didnt",,,true,"pivot buy, bounce off support, sfp",long,Loss,"not respected, more of a swing trade idea, slightly moved early on after in the trade but did not move it later",ZTH | SFP,RTY,-28.0,-28.0,0.0,0.0,2.5,1.0,no,"accepted it, comitted to plan, journaled and documented data, tested idea on 1 micro contract, took into consideration many different confluences",-8.69565217
Evaluation [*PASSED!*] • 100K (FULL) • ApexLegacy-484839-06_reset:4,144915.0,144555.0,2898.3,2891.1,18.85,1910.0,2860.1,2026-05-06 14:00:00 UTC,uptrend,2026-05-06,16:59:04 EDT,0.0,what appears to be exhausted uptrend,yes,39424.0,"angry, excited, frustrated, greedy, stressed, anxious, ambivalent, fearful","fear of missing out, feeling the runway disappearing, fibonacci projections",catching the move of the day,2898.3,2,2891.1,360.0,"decent, kind of as expected, profitable",0.0,0.0,RTY,future,"chasing price, did not take profits when able, fomo, ignored bias, ignored recent bias in order to stick to my plan, no stop loss, not an a+ setup, trading against the trend, stayed too long, slow to execute, set tp too far, entry could have been more conservative",360.0,0.0024904,i was so hard on myself internally for this one and did not even want to look at a chart afterward for a while,2026-05-06,06:02:00 EDT,,,7.2,-1005.0,1910.0,2918.4,2860.1,"aiming to trail beyond local low, thought of exiting early but stayed in",,,true,rejection off resistance,short,Win,"no stop set, more of a swing trade idea",ZTH | Pivot,RTY,72.0,72.0,0.0,0.0,3.5,1.0,no,"comitted to plan, did not touch the trade idea, exited in profit, journaled and documented data, set an exit vs exit passivity",18.84816754
Evaluation [*PASSED!*] • 100K (FULL) • ApexLegacy-484839-06_reset:4,142705.0,143405.0,2854.1,2868.1,64.81,1080.0,2875.7,2026-05-08 18:00:00 UTC,"bullish on higher tf, uptrend",2026-05-08,16:59:02 EDT,0.0,live coach's analysis,yes,53253.0,"i was stable before entering but not while in the trade, frustrated, happy, anxious, ambivalent","fear of missing out, feeling the runway disappearing, trend continuation",market structure shift,2854.1,2,2868.1,700.0,"kind of as expected, profitable, i can see why price went where it went now, could have been worse",0.0,0.0,RTY,future,"did not take profits when able, entry could have been more conservative, no stop loss, stayed too long, slow to execute, set tp too far, not off a level, not in plan, fomo, jumped in with market order vs conservative limit",700.0,0.00490522,"after not even wanting to look at a chart for a while after the last trade i hopped in via market order feeling confident in stb team k's analysis, my exit passivity has been affecting me for way too long, confident, then nervous, then confident, then nervous, and then grateful and disheartened still",2026-05-08,02:11:29 EDT,,,14.0,-225.0,1080.0,2849.6,2875.7,"expected more of a retracement and passed on the opportunity to moved resting tp in to secure profits, modified my idea as time unfolded, thought of exiting early but stayed in",,,true,continuation,long,Win,"no stop set, more of a swing trade idea","",RTY,140.0,140.0,0.0,0.0,3.5,1.0,no,"chose cleaner associated instrument, exited in profit, journaled and documented data, set an exit vs exit passivity, took into consideration many different confluences",64.81481481
Evaluation [*PASSED!*] • 100K (FULL) • ApexLegacy-484839-06_reset:4,143885.0,143155.0,2877.7,2863.1,44.24,1650.0,2844.7,2026-05-15 02:00:00 UTC,uptrend,2026-05-14,13:20:30 EDT,0.0,"market exhaustion, what appears to be exhausted uptrend",no,4576.0,"calm, confident, excited, happy","","catching the move of the day, catching the move of the week",2877.7,2,2863.1,730.0,"profitable, as expected, straight to take profit!",0.0,0.0,RTY,future,not off a level,730.0,0.00509937,passed my 1st eval! && with a clean winning trade :-),2026-05-14,12:04:14 EDT,,,14.6,-185.0,735.0,2881.4,2863.0,"programmed amount to hit target to pass eval, respected",,,true,"anticipated retracement, rejection off resistance",short,Win,mental,"ZTH | Rejection, ZTH | Pivot",RTY,146.0,146.0,0.0,0.0,4.5,1.0,yes,"secured profits, comitted to plan, did not touch the trade idea, exited in profit",99.31972789
Evaluation [BLOWN] • 50K (EOD) • TakeProfitTrader-363712064_reset-2,17980.0,17680.0,89.9,88.4,,,,,"bullish on higher tf, uptrend",2026-03-26,16:11:49 EDT,0.0,emas bullish,no,4.0,"angry, ambivalent, fearful, frustrated, stressed, i was stable before entering but not while in the trade","waited for pivot retracement, ob, key levels",other (specify below),89.9,2,88.4,-300.0,"not as expected, wow sfp manipulation candle",0.0,0.0,MCL,future,did not account for that much volatility on opposing instruments,-300.0,-0.01668521,"that trade didn't stand a chance and instally filled both orders, glad i had a sl set or my account would have been blown, i thought i was conservative",2026-03-26,16:11:45 EDT,,,-1.5,,,,,didnt even stand a chance,,,true,"continuation, pivot buy, bounce off support",long,Loss,"stop hit, respected, instant!","",MCL,-300.0,-150.0,0.0,0.0,0.5,2.0,no,"realized we were caught in strong level of buying and selling, accepted it, journaled and documented data",
Evaluation [BLOWN] • 50K (EOD) • TakeProfitTrader-363712064_reset-2,88212.0,88118.0,4410.6,4405.9,48.45,194.0,4400.9,2026-03-26 20:50:00 UTC,"bearish on higher tf, downtrend",2026-03-26,16:59:32 EDT,0.0,emas bearish,yes,2861.0,"ambivalent, anxious, confident, fearful, frustrated, happy, neutral, stressed, i was stable before entering but not while in the trade",stayed conservative on entry and market aggressively filled it,other (specify below),4410.6,2,4405.9,94.0,"decent, kind of as expected, wow sfp manipulation candle",0.0,0.0,MGC,future,"continued to retrace after entry, fear of loss, ignored recent bias in order to stick to my plan, moved tp & sl, kept moving stoploss, did not account for that much volatility on opposing instruments",94.0,0.00106675,"was not expecting that but felt convicted to stay and manage it until market close i secured profits to offset some of the mcl trade, glad i decided to trade micros today after my experience this week",2026-03-26,16:11:51 EDT,,,4.7,-774.0,194.0,4449.3,4400.9,"thought of exiting early but stayed in, the grace of god, not respected, aiming to trail beyond local low",,,true,"rejection off resistance, pivot sell, continuation",short,Win,"essentailly cancelled, not respected, original stop would have hit","",MGC,94.0,47.0,0.0,0.0,0.5,2.0,no,"accepted it, calculated my liquidation threshold for awarness, comitted to plan, exited in profit, journaled and documented data, realized we were caught in strong level of buying and selling, realized the trade was moving the opposite direction, took into consideration many different confluences",48.45360825
Evaluation [BLOWN] • 50K (EOD) • TakeProfitTrader-363712064_reset-2,88200.0,89994.0,4410.0,4499.7,,,,,"bearish on higher tf, downtrend, switched on lower tf",2026-03-27,10:55:00 EDT,0.0,emas bearish,yes,48180.0,"ambivalent, angry, anxious, confident, fearful, frustrated, greedy, happy, calm, excited, i was stable before entering but not while in the trade, stressed",trend continuation,other (specify below),4410.0,2,4499.7,-1794.0,"not as expected, blew account, rapidly opposed my idea, the outcome is clear as day now",0.0,0.0,MGC,future,"kept moving stoploss, trade during news event, fear of loss, bleed, continued to retrace after entry, ignored recent bias in order to stick to my plan, not an a+ setup, stayed too long, stopped out on retractement",-1794.0,-0.01993466,"there were 3 times i thought of exiting (at the start and 2 latter points the market came back), i didn't listen to that feeling and instead listened to the opposite, this one effected me emotionally severely and took me quite a while to digest, i had to take a trade to pass the eval anyway but wow i can't continue like this, i have much more i am journaling on but maybe that was the humbling experience i still needed yet",2026-03-26,21:32:00 EDT,,,-89.7,-2706.0,0.0,4545.3,4431.8,"aiming to trail beyond local low, didnt even stand a chance, respected, thought of exiting early but stayed in, thought of exiting in profit twice but stayed",,,true,"oops, continuation",short,Loss,"auto-liquidated, essentailly cancelled, not respected, original stop would have hit, stop hit","",MGC,-1794.0,-897.0,0.0,0.0,1.0,2.0,no,"journaled and documented data, realized the trade was moving the opposite direction",-66.29711752
Evaluation [BLOWN] • 50K (EOD) • TakeProfitTrader-558167553_reset:3,93916.0,93938.0,4695.8,4696.9,10.38,212.0,4706.4,2026-04-27 22:10:00 UTC,"downtrend, bearish on higher tf",2026-04-27,16:58:50 EDT,0.0,market exhaustion,yes,781.0,"anxious, fearful, excited, stressed","need 5min trading days and need to take a trade or haev the account reset and didnt get filled all day yet, fear of missing out",other (specify below),4695.8,2,4696.9,22.0,"came back to my original idea, decent, kind of as expected, profitable",0.0,0.0,MGC,future,"chasing price, fomo, not off a level, rushing, trading against the trend",22.0,0.00023425,"i had to take a trade to honor the min trading days requirement on tpt since focused on apex most of the month and was not filled in my plan so i took a conservative idea at market close, the candle shot up into profit and it felt great to exit with a tp vs prop-firm close exit passivity if even a minute before :-), when market opened again at 18:00 the candle then looked like a gravestone doji only to then continue up again, feels good to have a green day :-)",2026-04-27,16:45:49 EDT,,,1.1,-42.0,28.0,4693.7,4697.2,moved to be grateful for the win,,,true,"liquidity sweep before continuation idea, anticipated retracement",long,Win,did not anticipate needing one intentionally taking a trade at market close,ZTH | Bounce,MGC,22.0,11.0,0.0,0.0,2.0,2.0,yes,"comitted to plan, exited in profit, move tp to secure profits, set an exit vs exit passivity, tested idea on 1 micro contract, took into consideration many different confluences",78.57142857
Evaluation [BLOWN] • 50K (EOD) • TakeProfitTrader-558167553_reset:3,91628.0,91642.0,4581.4,4582.1,2.03,688.0,4615.8,2026-04-28 17:00:00 UTC,"bearish on higher tf, bullish on lower tf",2026-04-28,08:04:59 EDT,0.0,"",yes,45.0,"anxious, confident, fearful, frustrated, stressed","fear of missing out, need to meet minimum trading days",other (specify below),4581.4,2,4582.1,14.0,"kind of as expected, profitable, decent",0.0,0.0,MGC,future,"chasing price, fomo, not an a+ setup, rushing, scared myself out of some additional profit",14.0,0.00015279,reverse of yesterday - initial trade and exhausted myself chasing the market up until 17:00 and continue into the evening hours wishing i could feel like i didn't have to spend 24-7 on the charts,2026-04-28,08:04:14 EDT,,,0.7,-68.0,36.0,4578.0,4583.2,"bailed on trade idea, not respected, exited early",,,true,"anticipated retracement, bounce off support",long,Win,"not respected, bailed on trade idea",ZTH | Bounce,MGC,14.0,7.0,0.0,0.0,1.5,2.0,no,"accepted it, exited in profit, journaled and documented data, set an exit vs exit passivity, tested idea on 1 micro contract, took into consideration many different confluences",38.88888889
Evaluation [BLOWN] • 50K (EOD) • TakeProfitTrader-558167553_reset:3,138695.0,137155.0,2773.9,2743.1,70.64,2180.0,2730.3,2026-04-29 18:00:00 UTC,downtrend,2026-04-29,11:53:14 EDT,0.0,"",no,17158.0,"confident, anxious, excited, fearful","key levels, fear of missing out, need to meet minimum trading days, ob, trend continuation, waited for pivot retracement","catching the move of the day, other (specify below)",2773.9,2,2743.1,1540.0,"profitable, much better than expected",0.0,0.0,RTY,future,"",1540.0,0.01122817,"this one had me nervous a few times but glad i committed to the plan and knew when was a reasonable time and place in structure to exit, i also needed to cut the trade to stay within the consistency rule and even still managed to collect more than i intended",2026-04-29,07:07:16 EDT,,,30.8,-135.0,1800.0,2776.6,2737.9,"thought of exiting early but stayed in, aiming to trail beyond local low, exited early, moved to be grateful for the win",,,true,"rejection off resistance, pivot sell",short,Win,"more of a swing trade idea, no stop set",ZTH | Pivot,RTY,308.0,308.0,0.0,0.0,4.0,1.0,no,"set an exit vs exit passivity, took into consideration many different confluences, exited in profit, comitted to plan",85.55555556
Evaluation [BLOWN] • 50K (EOD) • TakeProfitTrader-558167553_reset:3,21724.0,21704.0,108.62,108.52,9.52,210.0,107.57,2026-04-29 22:00:00 UTC,switched on lower tf,2026-04-29,16:59:54 EDT,0.0,market exhaustion,yes,44.0,"anxious, confident, fearful, greedy, stressed","older manipulation wick, fear of missing out, momentum",market structure shift,108.62,2,108.52,20.0,"decent, profitable",0.0,0.0,MCL,future,"chasing price, fear of loss, fomo, revenge trade, overtrade?",20.0,0.00092149,i am not sure whether to feel good/bad about this one or indifferent and log the data and approach the terminal again with more awareness of how i acted under pressure,2026-04-29,16:59:10 EDT,,,0.1,-10.0,28.0,108.67,108.48,no plan - attempting to squeeze in a trade before market close,,,true,rejection off resistance,short,Win,no stop set,ZTH | Rejection,MCL,20.0,10.0,0.0,0.0,1.5,2.0,no,"journaled and documented data, exited in profit",71.42857143
Evaluation [BLOWN] • 50K (EOD) • TakeProfitTrader-558167553_reset:3,245180.0,243975.0,49036.0,48795.0,,670.0,49170.0,2026-04-29 14:00:00 UTC,downtrend,2026-04-29,16:59:59 EDT,0.0,"",no,26106.0,"ambivalent, fearful, frustrated, greedy, i felt stable entering and most of the trade but not so much at the end or afterward","key levels, fear of missing out, older manipulation wick",catching the move of the day,49036.0,2,48795.0,-1205.0,"not as expected, could have been worse, ouch",0.0,0.0,YM,future,"bleed, continued to retrace after entry, fear of loss, ignored recent bias in order to stick to my plan, slow to execute, volatility, trading against the trend, stayed too long, jumped in with market order vs conservative limit, did not take profits when able",-1205.0,-0.00491476,"working not to beat myself up over this one, may it help improve my discernment moving forward",2026-04-29,09:44:53 EDT,,,-241.0,-1230.0,670.0,48790.0,49170.0,expected more of a retracement and passed on the opportunity to moved resting tp in to secure profits,,,true,bounce off support,long,Loss,"no stop set, more of a swing trade idea, attempted to mitigate manually at market close","",YM,-241.0,-241.0,0.0,0.0,2.0,1.0,no,"accepted it, exited manually before prop firm forced exit, journaled and documented data, realized we were caught in strong level of buying and selling, realized the trade was moving the opposite direction, did not touch the trade idea, comitted to plan",-97.96747967
Evaluation [BLOWN] • 50K (EOD) • TakeProfitTrader-558167553_reset:3,246390.0,248390.0,49278.0,49678.0,,470.0,49184.0,2026-04-30 13:00:00 UTC,"switched on lower tf, seeing a larger consolidation range now",2026-04-30,11:50:58 EDT,0.0,targeting limits at conservative local and higher strcuture points,yes,18733.0,"ambivalent, fearful, frustrated, greedy, i felt stable entering and most of the trade but not so much at the end or afterward, i was stable before entering but not while in the trade, stressed","key levels, need to meet minimum trading days, stayed conservative on entry and market aggressively filled it",other (specify below),49278.0,2,49678.0,-2000.0,"ouch, not as expected, blew account, rapidly opposed my idea, i can see why price went where it went now",0.0,0.0,YM,future,"underestimated the market's ability to keep going, stayed too long, no stop loss, fear of loss, bleed, ignored recent bias in order to stick to my plan, refused to accept and close the losing position hopeful for reverse",-2000.0,-0.00805185,"i was hopeful for at least some sort of reversal to exit but none of my less than be tps would have hit anyway and i was struggling to accept exiting with a market order, why couldn't i see it having that potential?, i don't know why i lean into reversals thinking it is less risky as i am scared of tighter slop losses and continuation trades but that's better than when i allow this to happen, i wonder how i would operate if i didn't feel like i had to rush to meet the 30 clock and needing this to work to be able to survive - i pray i get there",2026-04-30,06:38:45 EDT,,,-400.0,-2370.0,470.0,49752.0,49184.0,"didnt even stand a chance, thought of exiting early but stayed in",,,true,anticipated retracement,short,Loss,"no stop set, not respected, auto-liquidated, blew account by hitting drawdown threshold",ZTH | Pivot,YM,-400.0,-400.0,0.0,0.0,0.5,1.0,yes,"calculated my liquidation threshold for awarness, comitted to plan, did not touch the trade idea, journaled and documented data, realized the trade was moving the opposite direction",-84.38818565
{ FUNDED | sim } [BLOWN] • 100K (FULL) • ApexLegacy-PA-484839-01,375962.5,377100.0,7519.25,7542.0,59.09,1925.0,7557.75,2026-05-27 22:00:00 UTC,"",2026-05-27,14:30:16 EDT,0.0,"","",4925.0,"","","",7519.25,2,7542.0,1137.5,"",0.0,0.0,ES,future,"",1137.5,0.00302557,"",2026-05-27,13:08:11 EDT,,,22.75,-175.0,1162.5,7515.75,7542.5,"",,,false,"",long,Win,"","",ES,91.0,91.0,0.0,0.0,,1.0,"","",97.84946237
{ FUNDED | sim } [BLOWN] • 100K (FULL) • ApexLegacy-PA-484839-01,378075.0,379425.0,7561.5,7588.5,,,,,"",2026-05-28,16:59:00 EDT,0.0,"","",24361.0,"","","",7561.5,2,7588.5,-1350.0,"",0.0,0.0,ES,future,"",-1350.0,-0.00355802,"",2026-05-28,10:12:59 EDT,,,-27.0,-1462.5,512.5,7590.75,7551.25,"",,,false,"",short,Loss,"","",ES,-108.0,-108.0,0.0,0.0,,1.0,"","",-92.30769231
{ FUNDED | sim } [BLOWN] • 100K (FULL) • ApexLegacy-PA-484839-01,43975.5,44038.5,2931.7,2935.9,,255.0,2914.7,2026-06-02 14:00:00 UTC,"",2026-06-02,16:59:01 EDT,0.0,"","",26493.0,"","","",2931.7,2,2935.9,-63.0,"",0.0,0.0,M2K,future,"",-63.0,-0.00143057,"",2026-06-02,09:37:28 EDT,,,-4.2,-100.5,255.0,2938.4,2914.7,"",,,false,"",short,Loss,"","",M2K,-126.0,-42.0,0.0,0.0,,3.0,"","",-62.68656716
{ FUNDED | sim } [BLOWN] • 100K (FULL) • ApexLegacy-PA-484839-01,51063.0,51670.0,51063.0,51670.0,,69.0,50994.0,2026-06-04 11:00:00 UTC,"",2026-06-04,16:59:01 EDT,0.0,"","",39501.0,"","","",51063.0,2,51670.0,-607.0,"",0.0,0.0,MYM,future,"",-607.0,-0.01174763,"",2026-06-04,06:00:40 EDT,,,-607.0,-689.0,69.0,51752.0,50994.0,"",,,false,"",short,Loss,"","",MYM,-1214.0,-607.0,0.0,0.0,,2.0,"","",-88.09869376
{ FUNDED | sim } [BLOWN] • 100K (FULL) • ApexLegacy-PA-484839-01,51753.0,50796.0,51753.0,50796.0,94.1,1017.0,50736.0,2026-06-05 20:00:00 UTC,"",2026-06-05,16:59:01 EDT,0.0,"","",42346.0,"","","",51753.0,2,50796.0,957.0,"",0.0,0.0,MYM,future,"",957.0,0.01884007,"",2026-06-05,05:13:15 EDT,,,957.0,-92.0,1017.0,51845.0,50736.0,"",,,false,"",short,Win,"","",MYM,1914.0,957.0,0.0,0.0,,2.0,"","",94.10029499
{ FUNDED | sim } [BLOWN] • 100K (FULL) • ApexLegacy-PA-484839-01,76274.500000005,76287.0,50849.66666667,50858.0,,185.5,50726.0,2026-06-09 19:40:00 UTC,"",2026-06-09,16:59:00 EDT,0.0,"","",11874.0,"","","",50773.0,3,50858.0,-12.5,"",0.0,0.0,MYM,future,"",-12.5,-0.00016385,"",2026-06-09,13:41:06 EDT,,,-8.3333333333333333333333333333333,-174.5,221.5,50966.0,50702.0,"",,,false,"",short,Loss,"","",MYM,-24.9999999999999999999999999999999,-8.3333333333333333333333333333333,0.0,0.0,,3.0,"","",-7.16332378
{ FUNDED | sim } [BLOWN] • 100K (FULL) • ApexLegacy-PA-484839-01,72931.5,71650.0,2917.26,2866.0,41.39,3096.5,2793.4,2026-06-09 16:00:00 UTC,"",2026-06-09,16:59:00 EDT,0.0,"","",26468.0,"","","",2906.1,3,2866.0,1281.5,"",0.0,0.0,M2K,future,"",1281.5,0.01788555,"",2026-06-09,09:37:52 EDT,,,51.26,-231.0,3096.5,2926.5,2793.4,"",,,false,"",short,Win,"","",M2K,2563.0,512.6,0.0,0.0,,5.0,"","",41.38543517
{ FUNDED | sim } [BLOWN] • 100K (FULL) • ApexLegacy-PA-484839-01,14500.0,14161.0,2900.0,2832.2,78.29,433.0,2813.4,2026-06-10 23:00:00 UTC,"",2026-06-10,16:59:00 EDT,0.0,"","",25976.0,"","","",2900.0,2,2832.2,339.0,"",0.0,0.0,M2K,future,"",339.0,0.02393899,"",2026-06-10,09:46:04 EDT,,,67.8,-44.5,357.5,2908.9,2828.5,"",,,false,"",short,Win,"","",M2K,678.0,678.0,0.0,0.0,,1.0,"","",94.82517483
{ FUNDED | sim } [BLOWN] • 100K (FULL) • ApexLegacy-PA-484839-01,100945.0,101628.0,50472.5,50814.0,,100945.0,0.0,1970-01-01 00:00:00 UTC,"",2026-06-11,13:41:59 EDT,0.0,"","",28763.0,"","","",50392.0,4,50814.0,-683.0,"",0.0,0.0,MYM,future,"",-683.0,-0.00672059,"",2026-06-11,05:42:36 EDT,,,-341.5,-807.0,10.5,50876.0,50089.0,"",,,false,"",short,Loss,"","",MYM,-1366.0,-341.5,0.0,0.0,,4.0,"","",-84.63444857
{ FUNDED | sim } [BLOWN] • 100K (FULL) • ApexLegacy-PA-484839-01,86544.9999999,87414.0,2884.83333333,2913.8,,86545.0,0.0,1970-01-01 00:00:00 UTC,"",2026-06-11,13:41:59 EDT,0.0,"","",37213.0,"","","",2870.0,4,2913.8,-869.0,"",0.0,0.0,M2K,future,"",-869.0,-0.0099412,"",2026-06-11,03:21:46 EDT,,,-28.966666666666666666666666666667,-713.0,760.0,2908.6,2846.8,"",,,false,"",short,Loss,"","",M2K,-1738.00000000000000000000000000002,-289.66666666666666666666666666667,0.0,0.0,,6.0,"","",-121.87938289
Evaluation [*PASSED!*] • 50K (EOD) • TakeProfitTrader-861085464_reset:4,140540.0,140930.0,2810.8,2818.6,,345.0,2803.9,2026-05-21 00:00:00 UTC,uptrend,2026-05-20,16:55:01 EDT,0.0,eyeing liquidity sweep at highs,yes,20365.0,"frustrated, anxious, ambivalent, i was stable before entering but not while in the trade","fear of missing out, feeling the runway disappearing",catching the move of the day,2810.8,2,2818.6,-390.0,"could have been worse, not as expected, i can see why price went where it went now",0.0,0.0,RTY,future,"did not take profits when able, stayed too long",-390.0,-0.00276733,"",2026-05-20,11:15:36 EDT,,,-7.8,-620.0,350.0,2823.2,2803.8,thought of exiting early but stayed in,,,true,anticipated retracement,short,Loss,essentailly cancelled,"ZTH | Rejection, ZTH | Pivot",RTY,-78.0,-78.0,0.0,0.0,2.0,1.0,no,let this day soak in,-62.90322581
Evaluation [*PASSED!*] • 50K (EOD) • TakeProfitTrader-861085464_reset:4,250005.0,250230.0,50001.0,50046.0,,635.0,49874.0,2026-05-20 16:00:00 UTC,uptrend,2026-05-20,16:55:01 EDT,0.0,eyeing liquidity sweep at highs,yes,20325.0,"ambivalent, anxious, frustrated, i was stable before entering but not while in the trade","feeling the runway disappearing, fear of missing out",catching the move of the day,50001.0,2,50046.0,-225.0,"i can see why price went where it went now, could have been worse, not as expected",0.0,0.0,YM,future,"did not take profits when able, stayed too long",-225.0,-0.00089917,"",2026-05-20,11:16:16 EDT,,,-45.0,-795.0,1040.0,50160.0,49793.0,thought of exiting early but stayed in,,,true,anticipated retracement,short,Loss,essentailly cancelled,"ZTH | Rejection, ZTH | Pivot",YM,-45.0,-45.0,0.0,0.0,2.0,1.0,no,let this day soak in,-28.30188679
Evaluation [*PASSED!*] • 50K (EOD) • TakeProfitTrader-861085464_reset:4,140670.0,142175.0,2813.4,2843.5,66.45,2265.0,2858.7,2026-05-21 17:00:00 UTC,uptrend,2026-05-21,13:17:00 EDT,0.0,fvg,no,24679.0,"anxious, excited, happy, fearful","fvg, trend continuation, waited for pivot retracement",catching the move of the day,2813.4,2,2843.5,1505.0,"much better than expected, profitable",0.0,0.0,RTY,future,"continued to retrace after entry, not off a level",1505.0,0.0106988,"",2026-05-21,06:25:41 EDT,,,30.1,-1025.0,1570.0,2792.9,2844.8,"respected, thought of exiting early but stayed in",,,true,"bounce off support, pivot buy",long,Win,price action respected idea,"ZTH | Bounce, ZTH | Pivot",RTY,301.0,301.0,0.0,0.0,4.0,1.0,yes,"exited in profit, set an exit vs exit passivity, comitted to plan, did not touch the trade idea",95.85987261
Evaluation [*PASSED!*] • 50K (EOD) • TakeProfitTrader-861085464_reset:4,145425.0,146290.0,2908.5,2925.8,63.84,1355.0,2935.6,2026-05-27 02:00:00 UTC,"bearish on lower tf, bullish on higher tf",2026-05-26,16:55:02 EDT,0.0,"",no,66958.0,"anxious, fearful, frustrated, greedy, happy, stressed, i was stable before entering but not while in the trade","momentum, trend continuation",other (specify below),2908.5,2,2925.8,865.0,"profitable, much better than expected, decent, came back to my original idea",0.0,0.0,RTY,future,could have exited and re-entered vs staying in through the swings,865.0,0.00594808,"",2026-05-25,22:19:04 EDT,,,17.3,-650.0,990.0,2895.5,2928.3,respected,,,true,continuation,long,Win,price action respected idea,"",RTY,173.0,173.0,0.0,0.0,3.0,1.0,no,"comitted to plan, set an exit vs exit passivity, secured profits",87.37373737
Evaluation [*PASSED!*] • 50K (EOD) • TakeProfitTrader-861085464_reset:4,378150.0,376750.0,7563.0,7535.0,54.37,2575.0,7511.5,2026-05-28 03:00:00 UTC,"",2026-05-27,09:41:50 EDT,0.0,"","",13032.0,"","","",7563.0,2,7535.0,1400.0,"",0.0,0.0,ES,future,"",1400.0,0.00371599,"",2026-05-27,06:04:38 EDT,,,28.0,-387.5,1875.0,7570.75,7525.5,"",,,false,"",short,Win,"","",ES,112.0,112.0,0.0,0.0,,1.0,"","",74.66666667
Evaluation [*PASSED!*] • 50K (EOD) • TakeProfitTrader-861085464_reset:4,14648.5,14602.0,2929.7,2920.4,,,,,"",2026-05-29,16:55:03 EDT,0.0,"","",26699.0,"","","",2929.7,2,2920.4,-46.5,"",0.0,0.0,M2K,future,"",-46.5,-0.00317439,"",2026-05-29,09:30:04 EDT,,,-9.3,-135.0,0.0,2902.7,2929.3,"",,,false,"",long,Loss,"","",M2K,-93.0,-93.0,0.0,0.0,,1.0,"","",-34.44444444
{ FUNDED | sim } [BLOWN] • 50K (Intraday) • TakeProfitTrader-PRO-311919544_( *can be reset:3x* ),51368.0,50799.0,51368.0,50799.0,89.61,635.0,50733.0,2026-06-03 20:00:00 UTC,"",2026-06-03,15:59:45 EDT,0.0,"","",75305.0,"","","",51368.0,2,50799.0,569.0,"",0.0,0.0,MYM,future,"",569.0,0.01120101,"",2026-06-02,19:04:40 EDT,,,569.0,-46.0,581.0,51414.0,50787.0,"",,,false,"",short,Win,"","",MYM,1138.0,569.0,0.0,0.0,,2.0,"","",97.93459552
{ FUNDED | sim } [BLOWN] • 50K (Intraday) • TakeProfitTrader-PRO-311919544_( *can be reset:3x* ),51063.0,51667.0,51063.0,51667.0,,69.0,50994.0,2026-06-04 11:00:00 UTC,"",2026-06-04,16:55:04 EDT,0.0,"","",39264.0,"","","",51063.0,2,51667.0,-604.0,"",0.0,0.0,MYM,future,"",-604.0,-0.01169025,"",2026-06-04,06:00:40 EDT,,,-604.0,-689.0,69.0,51752.0,50994.0,"",,,false,"",short,Loss,"","",MYM,-1208.0,-604.0,0.0,0.0,,2.0,"","",-87.66328012
{ FUNDED | sim } [BLOWN] • 50K (Intraday) • TakeProfitTrader-PRO-311919544_( *can be reset:3x* ),76274.500000005,76285.5,50849.66666667,50857.0,,185.5,50726.0,2026-06-09 19:40:00 UTC,"",2026-06-09,16:55:02 EDT,0.0,"","",11636.0,"","","",50773.0,3,50857.0,-11.0,"",0.0,0.0,MYM,future,"",-11.0,-0.0001442,"",2026-06-09,13:41:06 EDT,,,-7.3333333333333333333333333333333,-174.5,221.5,50966.0,50702.0,"",,,false,"",short,Loss,"","",MYM,-21.9999999999999999999999999999999,-7.3333333333333333333333333333333,0.0,0.0,,3.0,"","",-6.30372493
{ FUNDED | sim } [BLOWN] • 50K (Intraday) • TakeProfitTrader-PRO-311919544_( *can be reset:3x* ),72931.5,71655.0,2917.26,2866.2,41.22,3096.5,2793.4,2026-06-09 16:00:00 UTC,"",2026-06-09,16:55:02 EDT,0.0,"","",26230.0,"","","",2906.1,3,2866.2,1276.5,"",0.0,0.0,M2K,future,"",1276.5,0.01781453,"",2026-06-09,09:37:52 EDT,,,51.06,-231.0,3096.5,2926.5,2793.4,"",,,false,"",short,Win,"","",M2K,2553.0,510.6,0.0,0.0,,5.0,"","",41.22396254
{ FUNDED | sim } [BLOWN] • 50K (Intraday) • TakeProfitTrader-PRO-311919544_( *can be reset:3x* ),14500.0,14162.0,2900.0,2832.4,78.06,433.0,2813.4,2026-06-10 23:00:00 UTC,"",2026-06-10,16:55:04 EDT,0.0,"","",25740.0,"","","",2900.0,2,2832.4,338.0,"",0.0,0.0,M2K,future,"",338.0,0.02386669,"",2026-06-10,09:46:04 EDT,,,67.6,-44.5,357.5,2908.9,2828.5,"",,,false,"",short,Win,"","",M2K,676.0,676.0,0.0,0.0,,1.0,"","",94.54545455
{ FUNDED | sim } [BLOWN] • 50K (Intraday) • TakeProfitTrader-PRO-311919544_( *can be reset:3x* ),100945.0,101616.0,50472.5,50808.0,,100945.0,0.0,1970-01-01 00:00:00 UTC,"",2026-06-11,13:41:17 EDT,0.0,"","",28721.0,"","","",50392.0,4,50808.0,-671.0,"",0.0,0.0,MYM,future,"",-671.0,-0.00660329,"",2026-06-11,05:42:36 EDT,,,-335.5,-807.0,10.5,50876.0,50089.0,"",,,false,"",short,Loss,"","",MYM,-1342.0,-335.5,0.0,0.0,,4.0,"","",-83.14745973
{ FUNDED | sim } [BLOWN] • 50K (Intraday) • TakeProfitTrader-PRO-311919544_( *can be reset:3x* ),86544.9999999,87417.0,2884.83333333,2913.9,,86545.0,0.0,1970-01-01 00:00:00 UTC,"",2026-06-11,13:41:17 EDT,0.0,"","",37171.0,"","","",2870.0,4,2913.9,-872.0,"",0.0,0.0,M2K,future,"",-872.0,-0.00997518,"",2026-06-11,03:21:46 EDT,,,-29.066666666666666666666666666667,-713.0,760.0,2908.6,2846.8,"",,,false,"",short,Loss,"","",M2K,-1744.00000000000000000000000000002,-290.66666666666666666666666666667,0.0,0.0,,6.0,"","",-122.30014025
Evaluation [FAILED-2MeetProfitTarget]  • 50K (EOD) • TakeProfitTrader-718652247_reset:5,25627.0,25614.0,51254.0,51228.0,,,,,"",2026-06-12,16:55:02 EDT,0.0,"","",601.0,"","","",51254.0,2,51228.0,-13.0,"",0.0,0.0,MYM,future,"",-13.0,-0.00050728,"",2026-06-12,16:45:01 EDT,,,-26.0,-16.0,0.0,51222.0,51250.0,"",,,false,"",long,Loss,"","",MYM,-26.0,-26.0,0.0,0.0,,1.0,"","",-81.25
Evaluation [FAILED-2MeetProfitTarget]  • 50K (EOD) • TakeProfitTrader-718652247_reset:5,38137.5,38131.25,7627.5,7626.25,,12.5,7630.0,2026-06-15 22:00:00 UTC,"",2026-06-15,16:55:04 EDT,0.0,"","",295.0,"","","",7627.5,2,7626.25,-6.25,"",0.0,0.0,MES,future,"",-6.25,-0.00016388,"",2026-06-15,16:50:09 EDT,,,-1.25,-12.5,0.0,7625.0,7627.5,"",,,false,"",long,Loss,"","",MES,-5.0,-5.0,0.0,0.0,,1.0,"","",-50.0
Evaluation [FAILED-2MeetProfitTarget]  • 50K (EOD) • TakeProfitTrader-718652247_reset:5,14812.5,14809.0,2962.5,2961.8,0.02,14812.5,0.0,1970-01-01 00:00:00 UTC,"",2026-06-16,16:55:02 EDT,0.0,"","",199.0,"","","",2962.5,2,2961.8,3.5,"",0.0,0.0,M2K,future,"",3.5,0.00023634,"",2026-06-16,16:51:43 EDT,,,0.7,-0.5,8.5,2962.6,2960.8,"",,,false,"",short,Win,"","",M2K,7.0,7.0,0.0,0.0,,1.0,"","",41.17647059
Evaluation [FAILED-2MeetProfitTarget]  • 50K (EOD) • TakeProfitTrader-718652247_reset:5,26017.5,26024.5,52035.0,52049.0,,12.5,52010.0,2026-06-17 22:00:00 UTC,"",2026-06-17,16:55:01 EDT,0.0,"","",130.0,"","","",52035.0,2,52049.0,-7.0,"",0.0,0.0,MYM,future,"",-7.0,-0.00026898,"",2026-06-17,16:52:51 EDT,,,-14.0,-7.5,2.0,52050.0,52031.0,"",,,false,"",short,Loss,"","",MYM,-14.0,-14.0,0.0,0.0,,1.0,"","",-93.33333333
Evaluation [FAILED-2MeetProfitTarget]  • 50K (EOD) • TakeProfitTrader-718652247_reset:5,26110.0,26185.5,52220.0,52371.0,94.97,79.5,52379.0,2026-06-18 13:00:00 UTC,"",2026-06-18,09:30:38 EDT,0.0,"","",12503.0,"","","",52220.0,2,52371.0,75.5,"",0.0,0.0,MYM,future,"",75.5,0.00289161,"",2026-06-18,06:02:15 EDT,,,151.0,-108.5,79.5,52003.0,52379.0,"",,,false,"",long,Win,"","",MYM,151.0,151.0,0.0,0.0,,1.0,"","",94.96855346
Evaluation [FAILED-2MeetProfitTarget]  • 50K (EOD) • TakeProfitTrader-718652247_reset:5,61186.5,61054.0,30593.25,30527.0,75.5,175.5,30505.5,2026-06-19 03:50:00 UTC,"",2026-06-18,23:34:39 EDT,0.0,"","",5583.0,"","","",30593.25,2,30527.0,132.5,"",0.0,0.0,MNQ,future,"",132.5,0.00217021,"",2026-06-18,22:01:36 EDT,,,66.25,-53.0,144.0,30619.75,30521.25,"",,,false,"",short,Win,"","",MNQ,265.0,265.0,0.0,0.0,,1.0,"","",92.01388889
Evaluation [FAILED-2MeetProfitTarget]  • 50K (EOD) • TakeProfitTrader-718652247_reset:5,30333.0,30231.0,3033.3,3023.1,27.13,376.0,2995.7,2026-06-24 19:00:00 UTC,"",2026-06-24,16:55:01 EDT,0.0,"","",21405.0,"","","",3033.3,2,3023.1,102.0,"",0.0,0.0,M2K,future,"",102.0,0.00337402,"",2026-06-24,10:58:16 EDT,,,10.2,-80.0,376.0,3041.3,2995.7,"",,,false,"",short,Win,"","",M2K,204.0,102.0,0.0,0.0,,2.0,"","",27.12765957
Evaluation [FAILED-2MeetProfitTarget]  • 50K (EOD) • TakeProfitTrader-718652247_reset:5,60979.5,60983.0,30489.75,30491.5,,49.5,30465.0,2026-07-01 01:10:00 UTC,"",2026-06-30,16:55:01 EDT,0.0,"","",297.0,"","","",30489.75,2,30491.5,-3.5,"",0.0,0.0,MNQ,future,"",-3.5,-0.00005739,"",2026-06-30,16:50:04 EDT,,,-1.75,-10.5,11.0,30495.0,30484.25,"",,,false,"",short,Loss,"","",MNQ,-7.0,-7.0,0.0,0.0,,1.0,"","",-33.33333333
Evaluation [FAILED-2MeetProfitTarget]  • 50K (EOD) • TakeProfitTrader-718652247_reset:5,30347.0,30250.0,3034.7,3025.0,21.04,461.0,2988.6,2026-07-02 19:00:00 UTC,"",2026-07-02,02:47:15 EDT,0.0,"","",5792.0,"","","",3034.7,2,3025.0,97.0,"",0.0,0.0,M2K,future,"",97.0,0.00320661,"",2026-07-02,01:10:43 EDT,,,9.7,-4.0,102.0,3035.1,3024.5,"",,,false,"",short,Win,"","",M2K,194.0,97.0,0.0,0.0,,2.0,"","",95.09803922
Evaluation [FAILED-2MeetProfitTarget]  • 50K (EOD) • TakeProfitTrader-718652247_reset:5,30327.0,30385.0,3032.7,3038.5,,441.0,2988.6,2026-07-02 19:00:00 UTC,"",2026-07-02,05:38:26 EDT,0.0,"","",4469.0,"","","",3032.7,2,3038.5,-58.0,"",0.0,0.0,M2K,future,"",-58.0,-0.00190884,"",2026-07-02,04:23:57 EDT,,,-5.8,-59.0,4.0,3038.6,3032.3,"",,,false,"",short,Loss,"","",M2K,-116.0,-58.0,0.0,0.0,,2.0,"","",-98.30508475
Evaluation [FAILED-2MeetProfitTarget]  • 50K (EOD) • TakeProfitTrader-718652247_reset:5,120449.0,119976.0,30112.25,29994.0,15.09,3135.0,29328.5,2026-07-02 17:00:00 UTC,"",2026-07-02,10:27:25 EDT,0.0,"","",8319.0,"","","",30112.25,2,29994.0,473.0,"",0.0,0.0,MNQ,future,"",473.0,0.00394246,"",2026-07-02,08:08:46 EDT,,,118.25,-830.0,808.0,30319.75,29910.25,"",,,false,"",short,Win,"","",MNQ,946.0,473.0,0.0,0.0,,2.0,"","",58.53960396
Evaluation [FAILED-2MeetProfitTarget]  • 50K (EOD) • TakeProfitTrader-718652247_reset:5,27548.0,27484.0,68.87,68.71,32.0,200.0,68.37,2026-07-03 15:00:00 UTC,"",2026-07-03,12:54:19 EDT,0.0,"","",10388.0,"","","",68.87,2,68.71,64.0,"",0.0,0.0,MCL,future,"",64.0,0.00232863,"",2026-07-03,10:01:11 EDT,,,0.16,-4.0,200.0,68.88,68.37,"",,,false,"",short,Win,"","",MCL,64.0,16.0,0.0,0.0,,4.0,"","",32.0
Evaluation [FAILED-2MeetProfitTarget]  • 50K (EOD) • TakeProfitTrader-718652247_reset:5,48738.000003,49461.000001,69.62571429,70.65857143,,117.0,70.08,2026-07-07 15:00:00 UTC,"",2026-07-07,15:15:36 EDT,0.0,"","",148227.0,"","","",68.98,4,72.18,-723.0,"",0.0,0.0,MCL,future,"",-723.0,-0.01461758,"",2026-07-05,22:05:09 EDT,,,-1.0328571428571428571428571428571,-855.0,749.0,72.51,67.81,"",,,false,"",short,Loss,"","",MCL,-722.99999999999999999999999999997,-103.28571428571428571428571428571,0.0,0.0,,7.0,"","",-84.56140351
Evaluation [FAILED-2MeetProfitTarget]  • 50K (EOD) • TakeProfitTrader-718652247_reset:5,41250.0,41333.0,4125.0,4133.3,,223.0,4102.7,2026-07-09 10:00:00 UTC,"",2026-07-09,16:55:03 EDT,0.0,"","",45227.0,"","","",4125.0,2,4133.3,-83.0,"",0.0,0.0,MGC,future,"",-83.0,-0.00200808,"",2026-07-09,04:21:16 EDT,,,-8.3,-238.0,223.0,4148.8,4102.7,"",,,false,"",short,Loss,"","",MGC,-83.0,-83.0,0.0,0.0,,1.0,"","",-34.87394958
Evaluation [FAILED-2MeetProfitTarget]  • 50K (EOD) • TakeProfitTrader-718652247_reset:5,105762.0,105976.0,52881.0,52988.0,,136.0,52813.0,2026-07-10 16:00:00 UTC,"",2026-07-10,16:55:02 EDT,0.0,"","",20366.0,"","","",52881.0,2,52988.0,-214.0,"",0.0,0.0,MYM,future,"",-214.0,-0.00201933,"",2026-07-10,11:15:36 EDT,,,-107.0,-222.0,136.0,52992.0,52813.0,"",,,false,"",short,Loss,"","",MYM,-428.0,-107.0,0.0,0.0,,4.0,"","",-96.3963964
Evaluation [FAILED-2MeetProfitTarget]  • 50K (EOD) • TakeProfitTrader-718652247_reset:5,119484.0,120263.0,29871.0,30065.75,,774.0,29677.5,2026-07-10 14:00:00 UTC,"",2026-07-10,16:55:02 EDT,0.0,"","",35518.0,"","","",29871.0,2,30065.75,-779.0,"",0.0,0.0,MNQ,future,"",-779.0,-0.00647747,"",2026-07-10,07:03:04 EDT,,,-194.75,-823.0,774.0,30076.75,29677.5,"",,,false,"",short,Loss,"","",MNQ,-1558.0,-779.0,0.0,0.0,,2.0,"","",-94.65370595
Evaluation [FAILED-2MeetProfitTarget]  • 50K (EOD) • TakeProfitTrader-718652247_reset:5,76265.0,76280.0,7626.5,7628.0,,82.5,7618.25,2026-07-10 20:00:00 UTC,"",2026-07-10,16:55:02 EDT,0.0,"","",3895.0,"","","",7626.5,2,7628.0,-15.0,"",0.0,0.0,MES,future,"",-15.0,-0.00019664,"",2026-07-10,15:50:07 EDT,,,-1.5,-22.5,87.5,7628.75,7617.75,"",,,false,"",short,Loss,"","",MES,-12.0,-6.0,0.0,0.0,,2.0,"","",-66.66666667
Evaluation [FAILED-2MeetProfitTarget + BLOWN] • 50K (Intraday) • ApexNew-484839-07_reset:5,25629.0,25619.5,51258.0,51239.0,,,,,"",2026-06-12,16:59:00 EDT,0.0,"","",843.0,"","","",51258.0,2,51239.0,-9.5,"",0.0,0.0,MYM,future,"",-9.5,-0.00037067,"",2026-06-12,16:44:57 EDT,,,-19.0,-18.0,0.0,51222.0,51257.0,"",,,false,"",long,Loss,"","",MYM,-19.0,-19.0,0.0,0.0,,1.0,"","",-52.77777778
Evaluation [FAILED-2MeetProfitTarget + BLOWN] • 50K (Intraday) • ApexNew-484839-07_reset:5,38137.5,38123.75,7627.5,7624.75,,12.5,7630.0,2026-06-15 22:00:00 UTC,"",2026-06-15,16:59:01 EDT,0.0,"","",540.0,"","","",7627.5,2,7624.75,-13.75,"",0.0,0.0,MES,future,"",-13.75,-0.00036054,"",2026-06-15,16:50:01 EDT,,,-2.75,-16.25,0.0,7624.25,7627.25,"",,,false,"",long,Loss,"","",MES,-11.0,-11.0,0.0,0.0,,1.0,"","",-84.61538462
Evaluation [FAILED-2MeetProfitTarget + BLOWN] • 50K (Intraday) • ApexNew-484839-07_reset:5,14810.5,14810.5,2962.1,2962.1,,14810.5,0.0,1970-01-01 00:00:00 UTC,"",2026-06-16,16:59:00 EDT,0.0,"","",329.0,"","","",2962.1,2,2962.1,0.0,"",0.0,0.0,M2K,future,"",0.0,0.0,"",2026-06-16,16:53:31 EDT,,,0.0,-4.5,10.5,2963.0,2960.0,"",,,false,"",short,BE,"","",M2K,0.0,0.0,0.0,0.0,,1.0,"","",0.0
Evaluation [FAILED-2MeetProfitTarget + BLOWN] • 50K (Intraday) • ApexNew-484839-07_reset:5,26016.0,26022.0,52032.0,52044.0,,11.0,52010.0,2026-06-17 22:00:00 UTC,"",2026-06-17,16:59:02 EDT,0.0,"","",353.0,"","","",52032.0,2,52044.0,-6.0,"",0.0,0.0,MYM,future,"",-6.0,-0.00023057,"",2026-06-17,16:53:09 EDT,,,-12.0,-9.0,0.0,52050.0,52035.0,"",,,false,"",short,Loss,"","",MYM,-12.0,-12.0,0.0,0.0,,1.0,"","",-66.66666667
Evaluation [FAILED-2MeetProfitTarget + BLOWN] • 50K (Intraday) • ApexNew-484839-07_reset:5,26110.0,26185.5,52220.0,52371.0,94.97,79.5,52379.0,2026-06-18 13:00:00 UTC,"",2026-06-18,09:30:38 EDT,0.0,"","",12503.0,"","","",52220.0,2,52371.0,75.5,"",0.0,0.0,MYM,future,"",75.5,0.00289161,"",2026-06-18,06:02:15 EDT,,,151.0,-108.5,79.5,52003.0,52379.0,"",,,false,"",long,Win,"","",MYM,151.0,151.0,0.0,0.0,,1.0,"","",94.96855346
Evaluation [FAILED-2MeetProfitTarget + BLOWN] • 50K (Intraday) • ApexNew-484839-07_reset:5,61179.5,61045.0,30589.75,30522.5,79.82,168.5,30505.5,2026-06-19 03:50:00 UTC,"",2026-06-18,23:34:59 EDT,0.0,"","",5612.0,"","","",30589.75,2,30522.5,134.5,"",0.0,0.0,MNQ,future,"",134.5,0.00220329,"",2026-06-18,22:01:27 EDT,,,67.25,-60.0,137.0,30619.75,30521.25,"",,,false,"",short,Win,"","",MNQ,269.0,269.0,0.0,0.0,,1.0,"","",98.17518248
Evaluation [FAILED-2MeetProfitTarget + BLOWN] • 50K (Intraday) • ApexNew-484839-07_reset:5,30333.0,30234.0,3033.3,3023.4,26.33,376.0,2995.7,2026-06-24 19:00:00 UTC,"",2026-06-24,16:59:02 EDT,0.0,"","",21646.0,"","","",3033.3,2,3023.4,99.0,"",0.0,0.0,M2K,future,"",99.0,0.00327446,"",2026-06-24,10:58:16 EDT,,,9.9,-80.0,376.0,3041.3,2995.7,"",,,false,"",short,Win,"","",M2K,198.0,99.0,0.0,0.0,,2.0,"","",26.32978723
Evaluation [FAILED-2MeetProfitTarget + BLOWN] • 50K (Intraday) • ApexNew-484839-07_reset:5,60985.5,60995.0,30492.75,30497.5,,55.5,30465.0,2026-07-01 01:10:00 UTC,"",2026-06-30,16:59:01 EDT,0.0,"","",532.0,"","","",30492.75,2,30497.5,-9.5,"",0.0,0.0,MNQ,future,"",-9.5,-0.00015575,"",2026-06-30,16:50:09 EDT,,,-4.75,-19.0,17.0,30502.25,30484.25,"",,,false,"",short,Loss,"","",MNQ,-19.0,-19.0,0.0,0.0,,1.0,"","",-50.0
Evaluation [FAILED-2MeetProfitTarget + BLOWN] • 50K (Intraday) • ApexNew-484839-07_reset:5,30347.0,30250.0,3034.7,3025.0,21.04,461.0,2988.6,2026-07-02 19:00:00 UTC,"",2026-07-02,02:47:15 EDT,0.0,"","",5792.0,"","","",3034.7,2,3025.0,97.0,"",0.0,0.0,M2K,future,"",97.0,0.00320661,"",2026-07-02,01:10:43 EDT,,,9.7,-4.0,102.0,3035.1,3024.5,"",,,false,"",short,Win,"","",M2K,194.0,97.0,0.0,0.0,,2.0,"","",95.09803922
Evaluation [FAILED-2MeetProfitTarget + BLOWN] • 50K (Intraday) • ApexNew-484839-07_reset:5,30327.0,30385.0,3032.7,3038.5,,441.0,2988.6,2026-07-02 19:00:00 UTC,"",2026-07-02,05:38:26 EDT,0.0,"","",4469.0,"","","",3032.7,2,3038.5,-58.0,"",0.0,0.0,M2K,future,"",-58.0,-0.00190884,"",2026-07-02,04:23:57 EDT,,,-5.8,-59.0,4.0,3038.6,3032.3,"",,,false,"",short,Loss,"","",M2K,-116.0,-58.0,0.0,0.0,,2.0,"","",-98.30508475
Evaluation [FAILED-2MeetProfitTarget + BLOWN] • 50K (Intraday) • ApexNew-484839-07_reset:5,120449.0,119976.0,30112.25,29994.0,15.09,3135.0,29328.5,2026-07-02 17:00:00 UTC,"",2026-07-02,10:27:25 EDT,0.0,"","",8319.0,"","","",30112.25,2,29994.0,473.0,"",0.0,0.0,MNQ,future,"",473.0,0.00394246,"",2026-07-02,08:08:46 EDT,,,118.25,-830.0,808.0,30319.75,29910.25,"",,,false,"",short,Win,"","",MNQ,946.0,473.0,0.0,0.0,,2.0,"","",58.53960396
Evaluation [FAILED-2MeetProfitTarget + BLOWN] • 50K (Intraday) • ApexNew-484839-07_reset:5,27548.0,27504.0,68.87,68.76,22.0,200.0,68.37,2026-07-03 15:00:00 UTC,"",2026-07-03,12:58:38 EDT,0.0,"","",10647.0,"","","",68.87,2,68.76,44.0,"",0.0,0.0,MCL,future,"",44.0,0.00159977,"",2026-07-03,10:01:11 EDT,,,0.11,-4.0,200.0,68.88,68.37,"",,,false,"",short,Win,"","",MCL,44.0,11.0,0.0,0.0,,4.0,"","",22.0
Evaluation [FAILED-2MeetProfitTarget + BLOWN] • 50K (Intraday) • ApexNew-484839-07_reset:5,48738.000003,49457.999997,69.62571429,70.65428571,,120.0,70.08,2026-07-07 15:00:00 UTC,"",2026-07-07,15:15:36 EDT,0.0,"","",148227.0,"","","",68.98,4,72.18,-720.0,"",0.0,0.0,MCL,future,"",-720.0,-0.01455781,"",2026-07-05,22:05:09 EDT,,,-1.0285714285714285714285714285714,-852.0,752.0,72.51,67.81,"",,,false,"",short,Loss,"","",MCL,-719.99999999999999999999999999998,-102.85714285714285714285714285714,0.0,0.0,,7.0,"","",-84.50704225
Evaluation [FAILED-2MeetProfitTarget + BLOWN] • 50K (Intraday) • ApexNew-484839-07_reset:5,41250.0,41332.0,4125.0,4133.2,,223.0,4102.7,2026-07-09 10:00:00 UTC,"",2026-07-09,16:59:02 EDT,0.0,"","",45466.0,"","","",4125.0,2,4133.2,-82.0,"",0.0,0.0,MGC,future,"",-82.0,-0.00198393,"",2026-07-09,04:21:16 EDT,,,-8.2,-238.0,223.0,4148.8,4102.7,"",,,false,"",short,Loss,"","",MGC,-82.0,-82.0,0.0,0.0,,1.0,"","",-34.45378151
Evaluation [FAILED-2MeetProfitTarget + BLOWN] • 50K (Intraday) • ApexNew-484839-07_reset:5,119484.0,120247.0,29871.0,30061.75,,774.0,29677.5,2026-07-10 14:00:00 UTC,"",2026-07-10,13:37:39 EDT,0.0,"","",23675.0,"","","",29871.0,2,30061.75,-763.0,"",0.0,0.0,MNQ,future,"",-763.0,-0.00634527,"",2026-07-10,07:03:04 EDT,,,-190.75,-800.0,774.0,30071.0,29677.5,"",,,false,"",short,Loss,"","",MNQ,-1526.0,-763.0,0.0,0.0,,2.0,"","",-95.375
Evaluation [FAILED-2MeetProfitTarget + BLOWN] • 50K (Intraday) • ApexNew-484839-07_reset:5,105762.0,105850.0,52881.0,52925.0,,136.0,52813.0,2026-07-10 16:00:00 UTC,"",2026-07-10,13:37:39 EDT,0.0,"","",8523.0,"","","",52881.0,2,52925.0,-88.0,"",0.0,0.0,MYM,future,"",-88.0,-0.00083137,"",2026-07-10,11:15:36 EDT,,,-44.0,-102.0,136.0,52932.0,52813.0,"",,,false,"",short,Loss,"","",MYM,-176.0,-44.0,0.0,0.0,,4.0,"","",-86.2745098
Evaluation [BLOWN] • 50K (Intraday) • ApexNew-484839-08_reset:6,73940.0,74880.0,2957.6,2995.2,,140.0,2952.0,2026-07-21 00:00:00 UTC,"",2026-07-21,16:59:04 EDT,0.0,"","",78031.0,"","","",2957.6,2,2995.2,-940.0,"",0.0,0.0,M2K,future,"",-940.0,-0.01255342,"",2026-07-20,19:18:33 EDT,,,-37.6,-1055.0,140.0,2999.8,2952.0,"",,,false,"",short,Loss,"","",M2K,-1880.0,-376.0,0.0,0.0,,5.0,"","",-89.09952607
Evaluation [BLOWN] • 50K (Intraday) • ApexNew-484839-08_reset:6,58178.5,57507.5,29089.25,28753.75,51.08,1313.5,28432.5,2026-07-23 15:00:00 UTC,"",2026-07-23,08:48:56 EDT,0.0,"","",13952.0,"","","",29089.25,2,28753.75,671.0,"",0.0,0.0,MNQ,future,"",671.0,0.01166804,"",2026-07-23,04:56:24 EDT,,,335.5,-97.0,672.0,29137.75,28753.25,"",,,false,"",short,Win,"","",MNQ,1342.0,1342.0,0.0,0.0,,1.0,"","",99.85119048
Evaluation [BLOWN] • 50K (Intraday) • ApexNew-484839-08_reset:6,73505.0,73725.0,2940.2,2949.0,42.11,522.5,2961.1,2026-07-23 13:00:00 UTC,"",2026-07-23,16:59:01 EDT,0.0,"","",29766.0,"","","",2940.2,2,2949.0,220.0,"",0.0,0.0,M2K,future,"",220.0,0.00299299,"",2026-07-23,08:42:55 EDT,,,8.8,-205.0,522.5,2932.0,2961.1,"",,,false,"",long,Win,"","",M2K,440.0,88.0,0.0,0.0,,5.0,"","",42.10526316
Evaluation [BLOWN] • 50K (Intraday) • ApexNew-484839-08_reset:6,9055.0,9240.0,90.55,92.4,,43.0,90.12,2026-07-23 11:00:00 UTC,"",2026-07-23,16:59:01 EDT,0.0,"","",38131.0,"","","",90.55,2,92.4,-185.0,"",0.0,0.0,MCL,future,"",-185.0,-0.02002165,"",2026-07-23,06:23:30 EDT,,,-1.85,-295.0,43.0,93.5,90.12,"",,,false,"",short,Loss,"","",MCL,-185.0,-185.0,0.0,0.0,,1.0,"","",-62.71186441
Evaluation [BLOWN] • 50K (Intraday) • ApexNew-484839-08_reset:6,63649.000002,63118.000001,90.92714286,90.16857143,84.15,631.0,90.27,2026-07-24 20:30:00 UTC,"",2026-07-24,16:59:00 EDT,0.0,"","",64060.0,"","","",92.19,4,90.52,531.0,"",0.0,0.0,MCL,future,"",531.0,0.00841281,"",2026-07-23,23:11:20 EDT,,,0.75857142857142857142857142857143,60.0,1663.0,91.99,87.69,"",,,false,"",short,Win,"","",MCL,531.000000000000000000000000000001,75.857142857142857142857142857143,0.0,0.0,,7.0,"","",29.38240799
Evaluation [BLOWN] • 50K (Intraday) • ApexNew-484839-08_reset:6,34006.0,33576.0,85.015,83.94,68.69,626.0,83.45,2026-07-30 19:00:00 UTC,"",2026-07-30,16:59:09 EDT,0.0,"","",54314.0,"","","",85.22,3,83.94,430.0,"",0.0,0.0,MCL,future,"",430.0,0.01280677,"",2026-07-30,01:53:55 EDT,,,1.075,-374.0,838.0,85.95,82.92,"",,,false,"",short,Win,"","",MCL,430.0,107.5,0.0,0.0,,4.0,"","",51.31264916
Evaluation [BLOWN] • 50K (Intraday) • ApexNew-484839-08_reset:6,72752.5,73247.5,2910.1,2929.9,54.85,902.5,2946.2,2026-07-31 17:00:00 UTC,"",2026-07-31,16:59:00 EDT,0.0,"","",24624.0,"","","",2910.1,2,2929.9,495.0,"",0.0,0.0,M2K,future,"",495.0,0.00680389,"",2026-07-31,10:08:36 EDT,,,19.8,-127.5,902.5,2905.0,2946.2,"",,,false,"",long,Win,"","",M2K,990.0,198.0,0.0,0.0,,5.0,"","",54.84764543
Evaluation [BLOWN] • 50K (Intraday) • ApexNew-484839-08_reset:6,25098.0,25905.0,83.66,86.35,,,,,"",2026-07-31,16:59:00 EDT,0.0,"","",40324.0,"","","",83.66,2,86.35,-807.0,"",0.0,0.0,MCL,future,"",-807.0,-0.03115229,"",2026-07-31,05:46:56 EDT,,,-2.69,-975.0,0.0,86.91,83.72,"",,,false,"",short,Loss,"","",MCL,-807.0,-269.0,0.0,0.0,,3.0,"","",-82.76923077
Evaluation [BLOWN] • 50K (Intraday) • ApexNew-484839-08_reset:6,105858.0,106786.0,52929.0,53393.0,,,,,"",2026-08-03,16:59:03 EDT,0.0,"","",45601.0,"","","",52929.0,2,53393.0,-928.0,"",0.0,0.0,MYM,future,"",-928.0,-0.00869028,"",2026-08-03,04:19:02 EDT,,,-464.0,-974.0,0.0,53416.0,52949.0,"",,,false,"",short,Loss,"","",MYM,-1856.0,-464.0,0.0,0.0,,4.0,"","",-95.27720739
Evaluation [BLOWN] • 50K (Intraday) • ApexNew-484839-08_reset:6,26687.0,26692.5,53374.0,53385.0,32.35,17.0,53408.0,2026-08-04 10:00:00 UTC,"",2026-08-04,05:21:35 EDT,0.0,"","",82.0,"","","",53374.0,2,53385.0,5.5,"",0.0,0.0,MYM,future,"",5.5,0.00020609,"",2026-08-04,05:20:13 EDT,,,11.0,0.0,9.5,53374.0,53393.0,"",,,false,"",long,Win,"","",MYM,11.0,11.0,0.0,0.0,,1.0,"","",57.89473684
Evaluation [BLOWN] • 50K (Intraday) • ApexNew-484839-08_reset:6,26745.25,26708.0,53490.5,53416.0,,26636.0,0.0,1970-01-01 00:00:00 UTC,"",2026-08-04,06:30:10 EDT,0.0,"","",2915.0,"","","",53388.0,6,53570.0,-149.0,"",0.0,0.0,MYM,future,"",-149.0,-0.00139277,"",2026-08-04,05:41:35 EDT,,,-298.0,-109.5,65.0,53301.0,53650.0,"",,,false,"",long,Loss,"","",MYM,-298.0,-298.0,0.0,0.0,,1.0,"","",-136.07305936
Evaluation [BLOWN] • 50K (FULL) • ApexLegacy-484839-09_reset:7,83750.0,86148.0,4187.5,4307.4,,72.0,4183.9,2026-08-05 03:00:00 UTC,"",2026-08-05,10:49:57 EDT,0.0,"","",43423.0,"","","",4187.5,2,4307.4,-2398.0,"",0.0,0.0,MGC,future,"",-2398.0,-0.02783582,"",2026-08-04,22:46:14 EDT,,,-119.9,-2404.0,72.0,4307.7,4183.9,"",,,false,"",short,Loss,"","",MGC,-2398.0,-1199.0,0.0,0.0,,2.0,"","",-99.75041597
Evaluation [BLOWN] • 50K (FULL) • ApexLegacy-484839-10_reset:8,43047.0,43076.0,4304.7,4307.6,,17.0,4303.0,2026-08-05 22:00:00 UTC,"",2026-08-05,16:59:00 EDT,0.0,"","",447.0,"","","",4304.7,2,4307.6,-29.0,"",0.0,0.0,MGC,future,"",-29.0,-0.00067323,"",2026-08-05,16:51:33 EDT,,,-2.9,-36.0,8.0,4308.3,4303.9,"",,,false,"",short,Loss,"","",MGC,-29.0,-29.0,0.0,0.0,,1.0,"","",-80.55555556
Evaluation [BLOWN] • 50K (FULL) • ApexLegacy-484839-10_reset:8,75659.5,75995.0,3026.38,3039.8,91.17,368.0,3041.1,2026-08-06 14:00:00 UTC,"",2026-08-06,10:20:03 EDT,0.0,"","",21123.0,"","","",3026.38,2,3039.8,335.5,"",0.0,0.0,M2K,future,"",335.5,0.00443434,"",2026-08-06,04:28:00 EDT,,,13.42,-287.0,368.0,3014.9,3041.1,"",,,false,"",long,Win,"","",M2K,671.0,134.2,0.0,0.0,,5.0,"","",91.16847826
Evaluation [BLOWN] • 50K (FULL) • ApexLegacy-484839-10_reset:8,43202.0,42992.0,4320.2,4299.2,,238.0,4344.0,2026-08-06 09:00:00 UTC,"",2026-08-06,16:59:02 EDT,0.0,"","",58909.0,"","","",4320.2,2,4299.2,-210.0,"",0.0,0.0,MGC,future,"",-210.0,-0.00486089,"",2026-08-06,00:37:13 EDT,,,-21.0,-394.0,238.0,4280.8,4344.0,"",,,false,"",long,Loss,"","",MGC,-210.0,-210.0,0.0,0.0,,1.0,"","",-53.29949239
Evaluation [BLOWN] • 50K (FULL) • ApexLegacy-484839-10_reset:8,75725.0,76042.5,3029.0,3041.7,,170.0,3022.2,2026-08-07 14:00:00 UTC,"",2026-08-07,16:59:00 EDT,0.0,"","",30539.0,"","","",3029.0,2,3041.7,-317.5,"",0.0,0.0,M2K,future,"",-317.5,-0.0041753,"",2026-08-07,08:30:01 EDT,,,-12.7,-445.0,170.0,3046.8,3022.2,"",,,false,"",short,Loss,"","",M2K,-635.0,-127.0,0.0,0.0,,5.0,"","",-71.34831461
Evaluation [BLOWN] • 50K (FULL) • ApexLegacy-484839-10_reset:8,87418.0,88018.0,4370.9,4400.9,,,,,"",2026-08-07,16:59:00 EDT,0.0,"","",54518.0,"","","",4337.7,3,4400.9,-600.0,"",0.0,0.0,MGC,future,"",-600.0,-0.00681679,"",2026-08-07,01:50:22 EDT,,,-30.0,-1230.0,676.0,4432.4,4337.1,"",,,false,"",short,Loss,"","",MGC,-600.0,-300.0,0.0,0.0,,2.0,"","",-48.7804878
Evaluation [BLOWN] • 50K (FULL) • ApexLegacy-484839-10_reset:8,23235.0,23130.0,77.45,77.1,37.23,282.0,76.51,2026-08-07 13:00:00 UTC,"",2026-08-07,16:59:01 EDT,0.0,"","",30555.0,"","","",77.45,2,77.1,105.0,"",0.0,0.0,MCL,future,"",105.0,0.00453956,"",2026-08-07,08:29:46 EDT,,,0.35,-312.0,282.0,78.49,76.51,"",,,false,"",short,Win,"","",MCL,105.0,35.0,0.0,0.0,,3.0,"","",37.23404255
Evaluation [BLOWN] • 50K (FULL) • ApexLegacy-484839-10_reset:8,44095.0,43887.0,4409.5,4388.7,60.29,345.0,4375.0,2026-08-10 13:00:00 UTC,"",2026-08-10,07:13:14 EDT,0.0,"","",19306.0,"","","",4409.5,2,4388.7,208.0,"",0.0,0.0,MGC,future,"",208.0,0.00473944,"",2026-08-10,01:51:28 EDT,,,20.8,-121.0,226.0,4421.6,4386.9,"",,,false,"",short,Win,"","",MGC,208.0,208.0,0.0,0.0,,1.0,"","",92.03539823
Evaluation [BLOWN] • 50K (FULL) • ApexLegacy-484839-10_reset:8,23595.0,24696.0,78.65,82.32,,144.0,78.17,2026-08-10 08:00:00 UTC,"",2026-08-10,16:59:00 EDT,0.0,"","",49927.0,"","","",78.65,2,82.32,-1101.0,"",0.0,0.0,MCL,future,"",-1101.0,-0.04458212,"",2026-08-10,03:06:53 EDT,,,-3.67,-1122.0,144.0,82.39,78.17,"",,,false,"",short,Loss,"","",MCL,-1101.0,-367.0,0.0,0.0,,3.0,"","",-98.12834225
Evaluation [BLOWN] • 50K (FULL) • ApexLegacy-484839-10_reset:8,162018.0,162507.0,54006.0,54169.0,49.39,990.0,54336.0,2026-08-11 13:00:00 UTC,"",2026-08-11,09:26:11 EDT,0.0,"","",86611.0,"","","",54006.0,2,54169.0,489.0,"",0.0,0.0,MYM,future,"",489.0,0.00301818,"",2026-08-10,09:22:40 EDT,,,163.0,-168.0,990.0,53950.0,54336.0,"",,,false,"",long,Win,"","",MYM,978.0,163.0,0.0,0.0,,6.0,"","",49.39393939
Evaluation [BLOWN] • 50K (FULL) • ApexLegacy-484839-10_reset:8,118749.0,119120.0,29687.25,29780.0,78.77,471.0,29805.0,2026-08-11 14:00:00 UTC,"",2026-08-11,10:07:03 EDT,0.0,"","",1853.0,"","","",29687.25,2,29780.0,371.0,"",0.0,0.0,MNQ,future,"",371.0,0.00312424,"",2026-08-11,09:36:10 EDT,,,92.75,-205.0,402.0,29636.0,29787.75,"",,,false,"",long,Win,"","",MNQ,742.0,371.0,0.0,0.0,,2.0,"","",92.28855721
Evaluation [BLOWN] • 50K (FULL) • ApexLegacy-484839-10_reset:8,162183.0,161694.0,54061.0,53898.0,,150.0,54111.0,2026-08-11 15:00:00 UTC,"",2026-08-11,16:59:02 EDT,0.0,"","",22461.0,"","","",54061.0,2,53898.0,-489.0,"",0.0,0.0,MYM,future,"",-489.0,-0.00301511,"",2026-08-11,10:44:41 EDT,,,-163.0,-621.0,165.0,53854.0,54116.0,"",,,false,"",long,Loss,"","",MYM,-978.0,-163.0,0.0,0.0,,6.0,"","",-78.74396135
Evaluation [BLOWN] • 50K (FULL) • ApexLegacy-484839-10_reset:8,44314.0,44271.0,4431.4,4427.1,,443.0,4475.7,2026-08-12 03:00:00 UTC,"",2026-08-11,16:59:02 EDT,0.0,"","",19169.0,"","","",4431.4,2,4427.1,-43.0,"",0.0,0.0,MGC,future,"",-43.0,-0.00097035,"",2026-08-11,11:39:33 EDT,,,-4.3,-118.0,144.0,4419.6,4445.8,"",,,false,"",long,Loss,"","",MGC,-43.0,-43.0,0.0,0.0,,1.0,"","",-36.44067797
Evaluation [BLOWN] • 50K (FULL) • ApexLegacy-484839-10_reset:8,44590.0,44767.0,4459.0,4476.7,40.78,434.0,4502.4,2026-08-12 13:00:00 UTC,"",2026-08-12,05:15:55 EDT,0.0,"","",6778.0,"","","",4459.0,2,4476.7,177.0,"",0.0,0.0,MGC,future,"",177.0,0.0039695,"",2026-08-12,03:22:57 EDT,,,17.7,13.0,183.0,4460.3,4477.3,"",,,false,"",long,Win,"","",MGC,177.0,177.0,0.0,0.0,,1.0,"","",96.47058824
Evaluation [BLOWN] • 50K (FULL) • ApexLegacy-484839-10_reset:8,25197.0,24945.0,83.99,83.15,51.22,492.0,82.35,2026-08-12 14:00:00 UTC,"",2026-08-12,05:23:06 EDT,0.0,"","",7882.0,"","","",83.99,2,83.15,252.0,"",0.0,0.0,MCL,future,"",252.0,0.01010222,"",2026-08-12,03:11:44 EDT,,,0.84,-30.0,393.0,84.09,82.68,"",,,false,"",short,Win,"","",MCL,252.0,84.0,0.0,0.0,,3.0,"","",64.1221374
Evaluation [BLOWN] • 50K (FULL) • ApexLegacy-484839-10_reset:8,24822.0,24933.0,82.74,83.11,32.17,345.0,83.89,2026-08-12 12:00:00 UTC,"",2026-08-12,05:54:19 EDT,0.0,"","",1609.0,"","","",82.74,2,83.11,111.0,"",0.0,0.0,MCL,future,"",111.0,0.00447184,"",2026-08-12,05:27:30 EDT,,,0.37,-87.0,129.0,82.45,83.17,"",,,false,"",long,Win,"","",MCL,111.0,37.0,0.0,0.0,,3.0,"","",86.04651163
Evaluation [BLOWN] • 50K (FULL) • ApexLegacy-484839-10_reset:8,44709.0,44660.0,4470.9,4466.0,20.76,236.0,4447.3,2026-08-12 12:00:00 UTC,"",2026-08-12,06:49:00 EDT,0.0,"","",3258.0,"","","",4470.9,2,4466.0,49.0,"",0.0,0.0,MGC,future,"",49.0,0.00109718,"",2026-08-12,05:54:42 EDT,,,4.9,-95.0,51.0,4480.4,4465.8,"",,,false,"",short,Win,"","",MGC,49.0,49.0,0.0,0.0,,1.0,"","",96.07843137
Evaluation [BLOWN] • 50K (FULL) • ApexLegacy-484839-10_reset:8,77650.0,77665.0,7765.0,7766.5,9.38,160.0,7781.0,2026-08-12 18:00:00 UTC,"",2026-08-12,16:59:01 EDT,0.0,"","",24892.0,"","","",7765.0,2,7766.5,15.0,"",0.0,0.0,MES,future,"",15.0,0.00019317,"",2026-08-12,10:04:09 EDT,,,1.5,-87.5,160.0,7756.25,7781.0,"",,,false,"",long,Win,"","",MES,12.0,6.0,0.0,0.0,,2.0,"","",9.375
Evaluation [BLOWN] • 50K (FULL) • ApexLegacy-484839-10_reset:8,25053.0,24780.0,83.51,82.6,78.45,348.0,82.35,2026-08-12 14:00:00 UTC,"",2026-08-12,16:59:01 EDT,0.0,"","",36601.0,"","","",83.51,2,82.6,273.0,"",0.0,0.0,MCL,future,"",273.0,0.01101695,"",2026-08-12,06:49:00 EDT,,,0.91,-114.0,348.0,83.89,82.35,"",,,false,"",short,Win,"","",MCL,273.0,91.0,0.0,0.0,,3.0,"","",78.44827586
Evaluation [BLOWN] • 50K (FULL) • ApexLegacy-484839-10_reset:8,44981.0,44688.0,4498.1,4468.8,69.43,422.0,4455.9,2026-08-12 18:00:00 UTC,"",2026-08-12,16:59:01 EDT,0.0,"","",29719.0,"","","",4498.1,2,4468.8,293.0,"",0.0,0.0,MGC,future,"",293.0,0.00655657,"",2026-08-12,08:43:42 EDT,,,29.3,-43.0,422.0,4502.4,4455.9,"",,,false,"",short,Win,"","",MGC,293.0,293.0,0.0,0.0,,1.0,"","",69.43127962
Evaluation [BLOWN] • 50K (FULL) • ApexLegacy-484839-10_reset:8,32496.0,32868.0,81.24,82.17,62.0,600.0,82.74,2026-08-13 15:00:00 UTC,"",2026-08-13,06:10:15 EDT,0.0,"","",3365.0,"","","",81.24,2,82.17,372.0,"",0.0,0.0,MCL,future,"",372.0,0.01144756,"",2026-08-13,05:14:10 EDT,,,0.93,40.0,372.0,81.34,82.17,"",,,false,"",long,Win,"","",MCL,372.0,93.0,0.0,0.0,,4.0,"","",100.0
Evaluation [BLOWN] • 50K (FULL) • ApexLegacy-484839-10_reset:8,16458.0,16240.0,82.29,81.2,68.55,318.0,80.7,2026-08-14 02:00:00 UTC,"",2026-08-13,16:59:01 EDT,0.0,"","",20560.0,"","","",82.29,2,81.2,218.0,"",0.0,0.0,MCL,future,"",218.0,0.01342365,"",2026-08-13,11:16:21 EDT,,,1.09,-90.0,288.0,82.74,80.85,"",,,false,"",short,Win,"","",MCL,218.0,109.0,0.0,0.0,,2.0,"","",75.69444444
Evaluation [BLOWN] • 50K (FULL) • ApexLegacy-484839-10_reset:8,89044.0,88146.0,4452.2,4407.3,,138.0,4459.1,2026-08-13 12:00:00 UTC,"",2026-08-13,16:59:03 EDT,0.0,"","",61224.0,"","","",4458.3,3,4407.3,-898.0,"",0.0,0.0,MGC,future,"",-898.0,-0.0100849,"",2026-08-12,23:58:39 EDT,,,-44.9,-1044.0,260.0,4400.0,4465.2,"",,,false,"",long,Loss,"","",MGC,-898.0,-449.0,0.0,0.0,,2.0,"","",-86.01532567
Evaluation [BLOWN] • 50K (FULL) • ApexLegacy-484839-10_reset:8,117352.5,117356.25,7823.5,7823.75,,,,,"",2026-08-13,21:34:57 EDT,0.0,"","",2895.0,"","","",7824.0,3,7823.0,7.5,"",0.0,0.0,MES,future,"",7.5,0.00003196,"",2026-08-13,20:46:42 EDT,,,0.5,-48.75,18.75,7820.25,7824.75,"",,,false,"",long,Win,"","",MES,6.0,2.0,0.0,0.0,,3.0,"","",40.0
Evaluation [BLOWN] • 50K (FULL) • ApexLegacy-484839-10_reset:8,16252.0,16360.0,81.26,81.8,31.4,344.0,82.98,2026-08-14 07:00:00 UTC,"",2026-08-14,01:54:50 EDT,0.0,"","",17078.0,"","","",81.26,2,81.8,108.0,"",0.0,0.0,MCL,future,"",108.0,0.00664534,"",2026-08-13,21:10:12 EDT,,,0.54,-112.0,146.0,80.7,81.99,"",,,false,"",long,Win,"","",MCL,108.0,54.0,0.0,0.0,,2.0,"","",73.97260274
Evaluation [BLOWN] • 50K (FULL) • ApexLegacy-484839-10_reset:8,24591.0,24381.0,81.97,81.27,57.38,366.0,80.75,2026-08-14 13:00:00 UTC,"",2026-08-14,08:46:01 EDT,0.0,"","",24415.0,"","","",81.97,2,81.27,210.0,"",0.0,0.0,MCL,future,"",210.0,0.00861326,"",2026-08-14,01:59:06 EDT,,,0.7,-303.0,249.0,82.98,81.14,"",,,false,"",short,Win,"","",MCL,210.0,70.0,0.0,0.0,,3.0,"","",84.3373494
Evaluation [BLOWN] • 50K (FULL) • ApexLegacy-484839-10_reset:8,61001.137931,60921.6206896,3050.05689655,3046.08103448,82.92,1390.5,3062.2,2026-08-14 15:00:00 UTC,"",2026-08-14,16:59:01 EDT,0.0,"","",427447.0,"","","",3035.1,21,3071.7,1153.0,"",0.0,0.0,M2K,future,"",1153.0,0.00130524,"",2026-08-09,18:14:54 EDT,,,57.65,-1648.0,1390.5,3078.2,3016.0,"",,,false,"",short,Win,"","",M2K,2306.0,576.5,0.0,0.0,,4.0,"","",82.91981302
Evaluation [BLOWN] • 50K (FULL) • ApexLegacy-484839-10_reset:8,215607.42857144,215667.14285716,53901.85714286,53916.78571429,,,,,"",2026-08-14,16:59:01 EDT,0.0,"","",418895.0,"","","",54034.0,10,53784.0,-209.0,"",0.0,0.0,MYM,future,"",-209.0,-0.00027688,"",2026-08-09,20:37:26 EDT,,,-52.25,-313.0,369.0,54336.0,53712.0,"",,,false,"",short,Loss,"","",MYM,-418.0,-52.25,0.0,0.0,,8.0,"","",-66.77316294
Evaluation [BLOWN] • 50K (FULL) • ApexLegacy-484839-10_reset:8,234217.5,234067.5,7807.25,7802.25,,90.0,7810.25,2026-08-14 16:00:00 UTC,"",2026-08-14,16:59:01 EDT,0.0,"","",23276.0,"","","",7811.25,3,7802.25,-150.0,"",0.0,0.0,MES,future,"",-150.0,-0.00064043,"",2026-08-14,10:31:05 EDT,,,-5.0,-322.5,285.0,7796.5,7816.75,"",,,false,"",long,Loss,"","",MES,-120.0,-20.0,0.0,0.0,,6.0,"","",-46.51162791
Evaluation [BLOWN] • 50K (FULL) • ApexLegacy-484839-10_reset:8,44211.0,44191.0,4421.1,4419.1,,,,,"",2026-08-14,16:59:01 EDT,0.0,"","",46558.0,"","","",4399.9,4,4431.7,-60.0,"",0.0,0.0,MGC,future,"",-60.0,-0.00045238,"",2026-08-14,04:03:03 EDT,,,-6.0,-504.0,518.0,4402.0,4454.6,"",,,false,"",long,Loss,"","",MGC,-60.0,-60.0,0.0,0.0,,1.0,"","",-11.9047619
Evaluation [BLOWN] • 50K (FULL) • ApexLegacy-484839-10_reset:8,44450.0,44501.0,4445.0,4450.1,10.49,486.0,4493.6,2026-08-18 01:00:00 UTC,"",2026-08-17,09:49:11 EDT,0.0,"","",548.0,"","","",4445.0,2,4450.1,51.0,"",0.0,0.0,MGC,future,"",51.0,0.00114736,"",2026-08-17,09:40:03 EDT,,,5.1,-44.0,69.0,4440.6,4451.9,"",,,false,"",long,Win,"","",MGC,51.0,51.0,0.0,0.0,,1.0,"","",73.91304348
Evaluation [BLOWN] • 50K (FULL) • ApexLegacy-484839-10_reset:8,44763.0,44786.0,4476.3,4478.6,13.29,173.0,4493.6,2026-08-18 01:00:00 UTC,"",2026-08-17,10:30:37 EDT,0.0,"","",125.0,"","","",4476.3,2,4478.6,23.0,"",0.0,0.0,MGC,future,"",23.0,0.00051382,"",2026-08-17,10:28:32 EDT,,,2.3,-35.0,24.0,4472.8,4478.7,"",,,false,"",long,Win,"","",MGC,23.0,23.0,0.0,0.0,,1.0,"","",95.83333333
Evaluation [BLOWN] • 50K (FULL) • ApexLegacy-484839-10_reset:8,16518.0,16434.0,82.59,82.17,102.44,82.0,82.18,2026-08-17 15:00:00 UTC,"",2026-08-17,10:51:24 EDT,0.0,"","",1068.0,"","","",82.59,2,82.17,84.0,"",0.0,0.0,MCL,future,"",84.0,0.00511135,"",2026-08-17,10:33:36 EDT,,,0.42,2.0,88.0,82.58,82.15,"",,,false,"",short,Win,"","",MCL,84.0,42.0,0.0,0.0,,2.0,"","",95.34883721
Evaluation [BLOWN] • 50K (FULL) • ApexLegacy-484839-10_reset:8,120834.0,120949.0,30208.5,30237.25,36.74,313.0,30286.75,2026-08-17 15:00:00 UTC,"",2026-08-17,10:58:34 EDT,0.0,"","",2908.0,"","","",30208.5,2,30237.25,115.0,"",0.0,0.0,MNQ,future,"",115.0,0.00095172,"",2026-08-17,10:10:06 EDT,,,28.75,-208.0,150.0,30156.5,30246.0,"",,,false,"",long,Win,"","",MNQ,230.0,115.0,0.0,0.0,,2.0,"","",76.66666667
Evaluation [BLOWN] • 50K (FULL) • ApexLegacy-484839-10_reset:8,107282.0,107233.0,3065.2,3063.8,,59.5,3066.9,2026-08-17 17:00:00 UTC,"",2026-08-17,16:59:01 EDT,0.0,"","",24428.0,"","","",3065.2,2,3063.8,-49.0,"",0.0,0.0,M2K,future,"",-49.0,-0.00045674,"",2026-08-17,10:11:53 EDT,,,-1.4,-322.0,73.5,3056.0,3067.3,"",,,false,"",long,Loss,"","",M2K,-98.0,-14.0,0.0,0.0,,7.0,"","",-15.2173913
Evaluation [BLOWN] • 50K (FULL) • ApexLegacy-484839-10_reset:8,241552.0,240568.0,30194.0,30071.0,,,,,"",2026-08-17,16:59:01 EDT,0.0,"","",19189.0,"","","",30235.25,3,30071.0,-984.0,"",0.0,0.0,MNQ,future,"",-984.0,-0.00407366,"",2026-08-17,11:39:12 EDT,,,-123.0,-1126.0,448.0,30053.25,30250.0,"",,,false,"",long,Loss,"","",MNQ,-1968.0,-492.0,0.0,0.0,,4.0,"","",-87.38898757
Evaluation [BLOWN] • 50K (FULL) • ApexLegacy-484839-10_reset:8,24993.0,25485.0,83.31,84.95,,,,,"",2026-08-17,16:59:01 EDT,0.0,"","",13926.0,"","","",83.31,2,84.95,-492.0,"",0.0,0.0,MCL,future,"",-492.0,-0.01930547,"",2026-08-17,13:06:55 EDT,,,-1.64,-519.0,27.0,85.04,83.22,"",,,false,"",short,Loss,"","",MCL,-492.0,-164.0,0.0,0.0,,3.0,"","",-94.79768786
Evaluation [BLOWN] • 50K (FULL) • ApexLegacy-484839-10_reset:8,106764.0,106771.0,3050.4,3050.6,2.47,283.5,3058.5,2026-08-18 10:00:00 UTC,"",2026-08-18,04:11:21 EDT,0.0,"","",658.0,"","","",3050.4,2,3050.6,7.0,"",0.0,0.0,M2K,future,"",7.0,0.00006557,"",2026-08-18,04:00:23 EDT,,,0.2,-35.0,45.5,3049.4,3051.7,"",,,false,"",long,Win,"","",M2K,14.0,2.0,0.0,0.0,,7.0,"","",15.38461538
Evaluation [BLOWN] • 50K (FULL) • ApexLegacy-484839-10_reset:8,133770.0,133665.5,53508.0,53466.2,21.22,492.5,53311.0,2026-08-18 13:00:00 UTC,"",2026-08-18,04:35:46 EDT,0.0,"","",5853.0,"","","",53508.0,2,53466.2,104.5,"",0.0,0.0,MYM,future,"",104.5,0.0007818,"",2026-08-18,02:58:13 EDT,,,41.8,-42.5,317.5,53525.0,53381.0,"",,,false,"",short,Win,"","",MYM,209.0,41.8,0.0,0.0,,5.0,"","",32.91338583
Evaluation [BLOWN] • 50K (FULL) • ApexLegacy-484839-10_reset:8,106949.5,106900.5,3055.7,3054.3,4.43,1106.0,3024.1,2026-08-18 20:00:00 UTC,"",2026-08-18,04:49:07 EDT,0.0,"","",664.0,"","","",3055.7,2,3054.3,49.0,"",0.0,0.0,M2K,future,"",49.0,0.00045837,"",2026-08-18,04:38:03 EDT,,,1.4,-31.5,91.0,3056.6,3053.1,"",,,false,"",short,Win,"","",M2K,98.0,14.0,0.0,0.0,,7.0,"","",53.84615385
Evaluation [BLOWN] • 50K (FULL) • ApexLegacy-484839-10_reset:8,115871.25,116047.5,7724.75,7736.5,82.46,213.75,7739.0,2026-08-18 12:00:00 UTC,"",2026-08-18,07:19:37 EDT,0.0,"","",7246.0,"","","",7724.75,2,7736.5,176.25,"",0.0,0.0,MES,future,"",176.25,0.00152108,"",2026-08-18,05:18:51 EDT,,,11.75,-33.75,176.25,7722.5,7736.5,"",,,false,"",long,Win,"","",MES,141.0,47.0,0.0,0.0,,3.0,"","",100.0
Evaluation [BLOWN] • 50K (FULL) • ApexLegacy-484839-10_reset:8,133872.5,133335.0,53549.0,53334.0,90.34,595.0,53311.0,2026-08-18 13:00:00 UTC,"",2026-08-18,09:30:31 EDT,0.0,"","",12631.0,"","","",53549.0,2,53334.0,537.5,"",0.0,0.0,MYM,future,"",537.5,0.0040312,"",2026-08-18,06:00:00 EDT,,,215.0,-97.5,595.0,53588.0,53311.0,"",,,false,"",short,Win,"","",MYM,1075.0,215.0,0.0,0.0,,5.0,"","",90.33613445
Evaluation [BLOWN] • 50K (FULL) • ApexLegacy-484839-10_reset:8,44334.0,44500.0,4433.4,4450.0,55.52,299.0,4463.3,2026-08-18 14:00:00 UTC,"",2026-08-18,09:32:07 EDT,0.0,"","",110.0,"","","",4433.4,2,4450.0,166.0,"",0.0,0.0,MGC,future,"",166.0,0.0037443,"",2026-08-18,09:30:17 EDT,,,16.6,-2.0,179.0,4433.2,4451.3,"",,,false,"",long,Win,"","",MGC,166.0,166.0,0.0,0.0,,1.0,"","",92.73743017
Evaluation [BLOWN] • 50K (FULL) • ApexLegacy-484839-10_reset:8,88448.0,87774.0,4422.4,4388.7,,232.0,4434.0,2026-08-18 15:00:00 UTC,"",2026-08-18,16:59:00 EDT,0.0,"","",21594.0,"","","",4422.4,2,4388.7,-674.0,"",0.0,0.0,MGC,future,"",-674.0,-0.0076203,"",2026-08-18,10:59:06 EDT,,,-33.7,-778.0,232.0,4383.5,4434.0,"",,,false,"",long,Loss,"","",MGC,-674.0,-337.0,0.0,0.0,,2.0,"","",-86.63239075
Evaluation [BLOWN] • 50K (FULL) • ApexLegacy-484839-10_reset:8,16862.0,16884.0,84.31,84.42,,108.0,83.77,2026-08-18 14:00:00 UTC,"",2026-08-18,16:59:00 EDT,0.0,"","",45569.0,"","","",84.31,2,84.42,-22.0,"",0.0,0.0,MCL,future,"",-22.0,-0.00130301,"",2026-08-18,04:19:31 EDT,,,-0.11,-164.0,108.0,85.13,83.77,"",,,false,"",short,Loss,"","",MCL,-22.0,-11.0,0.0,0.0,,2.0,"","",-13.41463415
Evaluation [BLOWN] • 50K (FULL) • ApexLegacy-484839-10_reset:8,115860.0,115695.0,7724.0,7713.0,,131.25,7732.75,2026-08-18 14:00:00 UTC,"",2026-08-18,16:59:00 EDT,0.0,"","",26923.0,"","","",7724.0,2,7713.0,-165.0,"",0.0,0.0,MES,future,"",-165.0,-0.00142413,"",2026-08-18,09:30:17 EDT,,,-11.0,-206.25,168.75,7710.25,7735.25,"",,,false,"",long,Loss,"","",MES,-132.0,-44.0,0.0,0.0,,3.0,"","",-80.0
Evaluation [BLOWN] • 50K (FULL) • ApexLegacy-484839-10_reset:8,76260.0,75650.0,3050.4,3026.0,,7.5,3050.7,2026-08-18 14:00:00 UTC,"",2026-08-18,16:59:00 EDT,0.0,"","",27248.0,"","","",3050.4,2,3026.0,-610.0,"",0.0,0.0,M2K,future,"",-610.0,-0.00799895,"",2026-08-18,09:24:52 EDT,,,-24.4,-657.5,127.5,3024.1,3055.5,"",,,false,"",long,Loss,"","",M2K,-1220.0,-244.0,0.0,0.0,,5.0,"","",-92.7756654
Evaluation [BLOWN] • 50K (FULL) • ApexLegacy-484839-10_reset:8,60556.0,60518.0,3027.8,3025.9,,54.0,3030.5,2026-08-19 08:00:00 UTC,"",2026-08-19,05:01:05 EDT,0.0,"","",5732.0,"","","",3027.8,2,3025.9,-38.0,"",0.0,0.0,M2K,future,"",-38.0,-0.00062752,"",2026-08-19,03:25:33 EDT,,,-1.9,-40.0,54.0,3025.8,3030.5,"",,,false,"",long,Loss,"","",M2K,-76.0,-19.0,0.0,0.0,,4.0,"","",-95.0
Evaluation [BLOWN] • 50K (FULL) • ApexLegacy-484839-10_reset:8,16894.0,17028.0,84.47,85.14,,46.0,84.24,2026-08-19 08:00:00 UTC,"",2026-08-19,05:01:05 EDT,0.0,"","",5263.0,"","","",84.47,2,85.14,-134.0,"",0.0,0.0,MCL,future,"",-134.0,-0.00786939,"",2026-08-19,03:33:22 EDT,,,-0.67,-144.0,46.0,85.19,84.24,"",,,false,"",short,Loss,"","",MCL,-134.0,-67.0,0.0,0.0,,2.0,"","",-93.05555556
Evaluation [*PASSED!*] • 50K (EOD) • TakeProfitTrader-917806711_reset:6,45321.0,45309.0,3021.4,3020.6,72.73,16.5,3020.3,2026-08-21 20:40:00 UTC,"",2026-08-21,16:55:04 EDT,1.9,"","",2900.0,"","","",3021.4,2,3020.6,12.0,"",0.0,0.0,M2K,future,"",10.1,0.0002229,"",2026-08-21,16:06:44 EDT,,,0.8,-18.0,16.5,3022.6,3020.3,"",,,false,"",short,Win,"","",M2K,24.0,8.0,0.0,0.0,,3.0,"","",72.72727273
Evaluation [*PASSED!*] • 50K (EOD) • TakeProfitTrader-917806711_reset:6,133072.5,133635.0,53229.0,53454.0,66.18,850.0,53569.0,2026-08-24 16:00:00 UTC,"",2026-08-24,09:32:35 EDT,0.0,"","",8682.0,"","","",53229.0,2,53454.0,562.5,"",0.0,0.0,MYM,future,"",562.5,0.00422702,"",2026-08-24,07:07:53 EDT,,,225.0,-50.0,592.5,53209.0,53466.0,"",,,false,"",long,Win,"","",MYM,1125.0,225.0,0.0,0.0,,5.0,"","",94.93670886
Evaluation [*PASSED!*] • 50K (EOD) • TakeProfitTrader-917806711_reset:6,104951.0,105105.0,2998.6,3003.0,50.0,308.0,3007.4,2026-08-25 03:00:00 UTC,"",2026-08-24,14:21:55 EDT,0.0,"","",2824.0,"","","",2998.6,2,3003.0,154.0,"",0.0,0.0,M2K,future,"",154.0,0.00146735,"",2026-08-24,13:34:51 EDT,,,4.4,-91.0,154.0,2996.0,3003.0,"",,,false,"",long,Win,"","",M2K,308.0,44.0,0.0,0.0,,7.0,"","",100.0
Evaluation [*PASSED!*] • 50K (EOD) • TakeProfitTrader-917806711_reset:6,160443.0,161064.99999999,53481.0,53688.33333333,65.61,948.0,53797.0,2026-08-25 12:00:00 UTC,"",2026-08-25,05:14:01 EDT,0.0,"","",18817.0,"","","",53481.0,2,53688.33333333,621.99999999,"",0.0,0.0,MYM,future,"",621.99999999,0.00387677,"",2026-08-25,00:00:24 EDT,,,207.33333333,-63.0,576.0,53460.0,53673.0,"",,,false,"",long,Win,"","",MYM,1243.99999998,207.33333333,0.0,0.0,,6.0,"","",107.98611111
Evaluation [*PASSED!*] • 50K (EOD) • TakeProfitTrader-917806711_reset:6,134212.5,134347.5,53685.0,53739.0,41.86,322.5,53814.0,2026-08-26 22:00:00 UTC,"",2026-08-26,08:28:02 EDT,0.0,"","",30953.0,"","","",53685.0,2,53739.0,135.0,"",0.0,0.0,MYM,future,"",135.0,0.00100587,"",2026-08-25,23:52:09 EDT,,,54.0,-167.5,215.0,53618.0,53771.0,"",,,false,"",long,Win,"","",MYM,270.0,54.0,0.0,0.0,,5.0,"","",62.79069767
Evaluation [*PASSED!*] • 50K (EOD) • TakeProfitTrader-917806711_reset:6,120176.0,120488.0,3004.4,3012.2,48.15,648.0,3020.6,2026-08-26 14:00:00 UTC,"",2026-08-26,09:38:47 EDT,0.0,"","",2659.0,"","","",3004.4,2,3012.2,312.0,"",0.0,0.0,M2K,future,"",312.0,0.00259619,"",2026-08-26,08:54:28 EDT,,,7.8,-72.0,332.0,3002.6,3012.7,"",,,false,"",long,Win,"","",M2K,624.0,78.0,0.0,0.0,,8.0,"","",93.97590361
Evaluation [*PASSED!*] • 50K (EOD) • TakeProfitTrader-917806711_reset:6,120780.0,120532.0,3019.5,3013.3,38.51,644.0,3003.4,2026-08-26 15:00:00 UTC,"",2026-08-26,16:55:01 EDT,0.0,"","",24759.0,"","","",3019.5,2,3013.3,248.0,"",0.0,0.0,M2K,future,"",248.0,0.00205754,"",2026-08-26,10:02:22 EDT,,,6.2,56.0,656.0,3018.1,3003.1,"",,,false,"",short,Win,"","",M2K,496.0,62.0,0.0,0.0,,8.0,"","",32.0
Evaluation [*PASSED!*] • 50K (EOD) • TakeProfitTrader-917806711_reset:6,134182.5,134280.0,53673.0,53712.0,,57.5,53650.0,2026-08-26 20:10:00 UTC,"",2026-08-26,16:55:01 EDT,0.0,"","",2817.0,"","","",53673.0,2,53712.0,-97.5,"",0.0,0.0,MYM,future,"",-97.5,-0.00072609,"",2026-08-26,16:08:04 EDT,,,-39.0,-105.0,57.5,53715.0,53650.0,"",,,false,"",short,Loss,"","",MYM,-195.0,-39.0,0.0,0.0,,5.0,"","",-92.85714286
Evaluation [*PASSED!*] • 50K (EOD) • TakeProfitTrader-917806711_reset:6,134237.5,134020.0,53695.0,53608.0,,175.0,53765.0,2026-08-27 15:00:00 UTC,"",2026-08-27,02:09:12 EDT,0.0,"","",6658.0,"","","",53695.0,2,53608.0,-217.5,"",0.0,0.0,MYM,future,"",-217.5,-0.00162026,"",2026-08-27,00:18:14 EDT,,,-87.0,-232.5,0.0,53602.0,53694.0,"",,,false,"",long,Loss,"","",MYM,-435.0,-87.0,0.0,0.0,,5.0,"","",-93.5483871
Evaluation [*PASSED!*] • 50K (EOD) • TakeProfitTrader-917806711_reset:6,118580.0,118156.0,29645.0,29539.0,47.96,884.0,29424.0,2026-08-27 13:00:00 UTC,"",2026-08-27,07:46:29 EDT,0.0,"","",11895.0,"","","",29645.0,2,29539.0,424.0,"",0.0,0.0,MNQ,future,"",424.0,0.00358848,"",2026-08-27,04:28:14 EDT,,,106.0,-65.0,515.0,29661.25,29516.25,"",,,false,"",short,Win,"","",MNQ,848.0,424.0,0.0,0.0,,2.0,"","",82.33009709
Evaluation [*PASSED!*] • 50K (EOD) • TakeProfitTrader-917806711_reset:6,134038.75,134097.5,53615.5,53639.0,,,,,"",2026-08-27,14:05:08 EDT,0.0,"","",42868.0,"","","",53601.0,3,53630.0,-117.5,"",0.0,0.0,MYM,future,"",-117.5,-0.00043811,"",2026-08-27,02:10:40 EDT,,,-47.0,-220.0,772.5,53765.0,53368.0,"",,,false,"",short,Loss,"","",MYM,-235.0,-47.0,0.0,0.0,,5.0,"","",-53.40909091
Evaluation [*PASSED!*] • 50K (EOD) • TakeProfitTrader-917806711_reset:6,116276.25,115920.0,7751.75,7728.0,81.9,435.0,7722.75,2026-08-27 18:00:00 UTC,"",2026-08-27,14:27:15 EDT,0.0,"","",5586.0,"","","",7751.75,2,7728.0,356.25,"",0.0,0.0,MES,future,"",356.25,0.00307324,"",2026-08-27,12:54:09 EDT,,,23.75,-60.0,423.75,7755.75,7723.5,"",,,false,"",short,Win,"","",MES,285.0,95.0,0.0,0.0,,3.0,"","",84.07079646
Evaluation [*PASSED!*] • 50K (EOD) • TakeProfitTrader-917806711_reset:6,46758.0,46608.0,4675.8,4660.8,,,,,"",2026-08-27,15:25:15 EDT,0.0,"","",50945.0,"","","",4675.8,2,4660.8,-150.0,"",0.0,0.0,MGC,future,"",-150.0,-0.00320801,"",2026-08-27,01:16:10 EDT,,,-15.0,-594.0,0.0,4616.4,4672.4,"",,,false,"",long,Loss,"","",MGC,-150.0,-150.0,0.0,0.0,,1.0,"","",-25.25252525
Evaluation [*PASSED!*] • 50K (EOD) • TakeProfitTrader-917806711_reset:6,16808.0,16702.0,84.04,83.51,52.48,202.0,83.03,2026-08-28 01:30:00 UTC,"",2026-08-27,16:55:01 EDT,0.0,"","",10444.0,"","","",84.04,2,83.51,106.0,"",0.0,0.0,MCL,future,"",106.0,0.00634655,"",2026-08-27,14:00:57 EDT,,,0.53,-34.0,122.0,84.21,83.43,"",,,false,"",short,Win,"","",MCL,106.0,53.0,0.0,0.0,,2.0,"","",86.8852459
Evaluation [*PASSED!*] • 50K (EOD) • TakeProfitTrader-917806711_reset:6,134020.0,133995.0,53608.0,53598.0,,302.5,53729.0,2026-08-28 02:20:00 UTC,"",2026-08-27,16:55:01 EDT,0.0,"","",6131.0,"","","",53608.0,2,53598.0,-25.0,"",0.0,0.0,MYM,future,"",-25.0,-0.00018654,"",2026-08-27,15:12:50 EDT,,,-10.0,-110.0,90.0,53564.0,53644.0,"",,,false,"",long,Loss,"","",MYM,-50.0,-10.0,0.0,0.0,,5.0,"","",-22.72727273
Evaluation [*PASSED!*] • 50K (EOD) • TakeProfitTrader-917806711_reset:6,46636.0,46538.0,4663.6,4653.8,,13.0,4664.9,2026-08-27 23:00:00 UTC,"",2026-08-27,16:55:01 EDT,0.0,"","",4325.0,"","","",4663.6,2,4653.8,-98.0,"",0.0,0.0,MGC,future,"",-98.0,-0.00210138,"",2026-08-27,15:42:56 EDT,,,-9.8,-100.0,31.0,4653.6,4666.7,"",,,false,"",long,Loss,"","",MGC,-98.0,-98.0,0.0,0.0,,1.0,"","",-98.0
Evaluation [*PASSED!*] • 50K (EOD) • TakeProfitTrader-917806711_reset:6,59284.0,59250.0,29642.0,29625.0,33.66,101.0,29591.5,2026-08-27 23:50:00 UTC,"",2026-08-27,16:55:01 EDT,0.0,"","",4132.0,"","","",29642.0,2,29625.0,34.0,"",0.0,0.0,MNQ,future,"",34.0,0.00057384,"",2026-08-27,15:46:09 EDT,,,17.0,-131.0,43.5,29707.5,29620.25,"",,,false,"",short,Win,"","",MNQ,68.0,68.0,0.0,0.0,,1.0,"","",78.16091954
Evaluation [*PASSED!*] • 50K (EOD) • TakeProfitTrader-917806711_reset:6,107404.0,107413.5,53702.0,53706.75,17.59,54.0,53729.0,2026-08-28 02:20:00 UTC,"",2026-08-27,23:32:35 EDT,0.0,"","",5462.0,"","","",53702.0,2,53706.75,9.5,"",0.0,0.0,MYM,future,"",9.5,0.00008845,"",2026-08-27,22:01:33 EDT,,,4.75,-54.0,54.0,53675.0,53729.0,"",,,false,"",long,Win,"","",MYM,19.0,4.75,0.0,0.0,,4.0,"","",17.59259259
Evaluation [*PASSED!*] • 50K (EOD) • TakeProfitTrader-917806711_reset:6,107370.0,107314.0,53685.0,53657.0,25.45,220.0,53575.0,2026-08-28 14:00:00 UTC,"",2026-08-28,01:37:20 EDT,0.0,"","",4498.0,"","","",53685.0,2,53657.0,56.0,"",0.0,0.0,MYM,future,"",56.0,0.00052183,"",2026-08-28,00:22:22 EDT,,,28.0,-4.0,58.0,53687.0,53656.0,"",,,false,"",short,Win,"","",MYM,112.0,28.0,0.0,0.0,,4.0,"","",96.55172414
Evaluation [*PASSED!*] • 50K (EOD) • TakeProfitTrader-917806711_reset:6,16684.0,16542.0,83.42,82.71,59.66,238.0,82.23,2026-08-28 13:00:00 UTC,"",2026-08-28,03:31:49 EDT,0.0,"","",18091.0,"","","",83.42,2,82.71,142.0,"",0.0,0.0,MCL,future,"",142.0,0.00858421,"",2026-08-27,22:30:18 EDT,,,0.71,-4.0,150.0,83.44,82.67,"",,,false,"",short,Win,"","",MCL,142.0,71.0,0.0,0.0,,2.0,"","",94.66666667
Evaluation [*PASSED!*] • 50K (EOD) • TakeProfitTrader-917806711_reset:6,105780.5,105602.0,3022.3,3017.2,18.02,990.5,2994.0,2026-08-28 14:00:00 UTC,"",2026-08-28,06:44:02 EDT,0.0,"","",14994.0,"","","",3022.3,2,3017.2,178.5,"",0.0,0.0,M2K,future,"",178.5,0.00169031,"",2026-08-28,02:34:08 EDT,,,5.1,-84.0,227.5,3024.7,3015.8,"",,,false,"",short,Win,"","",M2K,357.0,51.0,0.0,0.0,,7.0,"","",78.46153846
Evaluation [*PASSED!*] • 50K (EOD) • TakeProfitTrader-917806711_reset:6,46520.0,46332.0,4652.0,4633.2,32.03,587.0,4593.3,2026-08-28 14:00:00 UTC,"",2026-08-28,10:02:28 EDT,0.0,"","",25956.0,"","","",4652.0,2,4633.2,188.0,"",0.0,0.0,MGC,future,"",188.0,0.00405767,"",2026-08-28,02:49:52 EDT,,,18.8,-341.0,517.0,4686.1,4600.3,"",,,false,"",short,Win,"","",MGC,188.0,188.0,0.0,0.0,,1.0,"","",36.36363636
Evaluation [*PASSED!*] • 50K (EOD) • TakeProfitTrader-917806711_reset:6,134242.5,133927.5,53697.0,53571.0,103.28,305.0,53575.0,2026-08-28 14:00:00 UTC,"",2026-08-28,10:27:38 EDT,0.0,"","",29120.0,"","","",53697.0,2,53571.0,315.0,"",0.0,0.0,MYM,future,"",315.0,0.00235202,"",2026-08-28,02:22:18 EDT,,,126.0,-227.5,305.0,53788.0,53575.0,"",,,false,"",short,Win,"","",MYM,630.0,126.0,0.0,0.0,,5.0,"","",103.27868852
Evaluation [*PASSED!*] • 50K (EOD) • TakeProfitTrader-917806711_reset:6,44922.0,44914.5,2994.8,2994.3,0.02,44922.0,0.0,1970-01-01 00:00:00 UTC,"",2026-08-28,10:30:49 EDT,0.0,"","",19.0,"","","",2994.8,2,2994.3,7.5,"",0.0,0.0,M2K,future,"",7.5,0.00016698,"",2026-08-28,10:30:30 EDT,,,0.5,-18.0,9.0,2996.0,2994.2,"",,,false,"",short,Win,"","",M2K,15.0,5.0,0.0,0.0,,3.0,"","",83.33333333
"Evaluation [*PASSED!*] • 50K (""EliteAccess""-EOD) • TopOneFutures-TOF189562",60436.0,60442.0,3021.8,3022.1,,,,,"",2026-08-21,20:09:56 EDT,0.0,"","",155.0,"","","",3021.8,2,3022.1,-6.0,"",0.0,0.0,M2K,future,"",-6.0,-0.00009927,"",2026-08-21,20:07:21 EDT,,,-0.3,,,,,"",,,false,"",short,Loss,"","",M2K,-12.0,-3.0,0.0,0.0,,4.0,"","",
"Evaluation [*PASSED!*] • 50K (""EliteAccess""-EOD) • TopOneFutures-TOF189562",30245.0,30213.0,3024.5,3021.3,25.2,127.0,3002.3,2026-08-24 14:00:00 UTC,"",2026-08-24,04:27:21 EDT,0.0,"","",3654.0,"","","",3024.5,4,3021.3,32.0,"",0.0,0.0,M2K,future,"",32.0,0.00105915,"",2026-08-24,03:26:27 EDT,,,3.2,16.0,51.0,3024.5,3017.5,"",,,false,"",short,Win,"","",M2K,64.0,32.0,0.0,0.0,,2.0,"","",45.71428571
"Evaluation [*PASSED!*] • 50K (""EliteAccess""-EOD) • TopOneFutures-TOF189562",133072.5,133635.0,53229.0,53454.0,75.15,748.5,53547.0,2026-08-24 22:00:00 UTC,"",2026-08-24,13:32:35 EDT,0.0,"","",8682.0,"","","",53229.0,4,53454.0,562.5,"",0.0,0.0,MYM,future,"",562.5,0.00422702,"",2026-08-24,11:07:53 EDT,,,225.0,85.5,792.5,53384.0,53569.0,"",,,false,"",long,Win,"","",MYM,1125.0,225.0,0.0,0.0,,5.0,"","",67.46817539
"Evaluation [*PASSED!*] • 50K (""EliteAccess""-EOD) • TopOneFutures-TOF189562",104951.0,105105.0,2998.6,3003.0,70.0,220.0,3007.4,2026-08-25 03:30:00 UTC,"",2026-08-24,18:21:56 EDT,0.0,"","",2825.0,"","","",2998.6,10,3003.0,154.0,"",0.0,0.0,M2K,future,"",154.0,0.00146735,"",2026-08-24,17:34:51 EDT,,,4.4,87.0,241.5,3004.4,3005.9,"",,,false,"",long,Win,"","",M2K,308.0,44.0,0.0,0.0,,7.0,"","",43.36569579
"Evaluation [*PASSED!*] • 50K (""EliteAccess""-EOD) • TopOneFutures-TOF189562",160443.0,161064.99999999,53481.0,53688.33333333,102.22,608.5,53692.0,2026-08-26 03:00:00 UTC,"",2026-08-25,09:34:08 EDT,0.0,"","",20024.0,"","","",53481.0,8,53719.0,622.0,"",0.0,0.0,MYM,future,"",622.0,0.00387677,"",2026-08-25,04:00:24 EDT,,,207.33333333333333333333333333333,144.0,843.0,53555.0,53797.0,"",,,false,"",long,Win,"","",MYM,1243.99999999999999999999999999998,207.33333333333333333333333333333,0.0,0.0,,6.0,"","",68.38340486
"Evaluation [*PASSED!*] • 50K (""EliteAccess""-EOD) • TopOneFutures-TOF189562",134217.5,134347.5,53687.0,53739.0,40.94,317.5,53814.0,2026-08-26 22:00:00 UTC,"",2026-08-26,12:28:02 EDT,0.0,"","",30929.0,"","","",53687.0,2,53739.0,130.0,"",0.0,0.0,MYM,future,"",130.0,0.00096858,"",2026-08-26,03:52:33 EDT,,,52.0,-552.5,217.5,53466.0,53774.0,"",,,false,"",long,Win,"","",MYM,260.0,52.0,0.0,0.0,,5.0,"","",59.77011494
"Evaluation [*PASSED!*] • 50K (""EliteAccess""-EOD) • TopOneFutures-TOF189562",120176.0,120488.0,3004.4,3012.2,80.0,390.0,3020.0,2026-08-26 22:00:00 UTC,"",2026-08-26,13:38:48 EDT,0.0,"","",2660.0,"","","",3004.4,6,3012.2,312.0,"",0.0,0.0,M2K,future,"",312.0,0.00259619,"",2026-08-26,12:54:28 EDT,,,7.8,17.5,217.5,3005.1,3009.5,"",,,false,"",long,Win,"","",M2K,624.0,78.0,0.0,0.0,,8.0,"","",147.25
"Evaluation [*PASSED!*] • 50K (""EliteAccess""-EOD) • TopOneFutures-TOF189562",134182.5,134155.0,53673.0,53662.0,,,,,"",2026-08-26,20:10:00 EDT,0.0,"","",116.0,"","","",53673.0,2,53662.0,27.5,"",0.0,0.0,MYM,future,"",27.5,0.00020499,"",2026-08-26,20:08:04 EDT,,,11.0,-205.0,0.0,53755.0,53747.0,"",,,false,"",short,Win,"","",MYM,55.0,11.0,0.0,0.0,,5.0,"","",13.41463415
"Evaluation [*PASSED!*] • 50K (""EliteAccess""-EOD) • TopOneFutures-TOF189562",120780.0,120496.0,3019.5,3012.4,53.38,532.0,3006.2,2026-08-27 01:00:00 UTC,"",2026-08-26,20:10:00 EDT,0.0,"","",22058.0,"","","",3019.5,2,3012.4,284.0,"",0.0,0.0,M2K,future,"",284.0,0.00235692,"",2026-08-26,14:02:22 EDT,,,7.1,-20.0,424.0,3020.0,3008.9,"",,,false,"",short,Win,"","",M2K,568.0,71.0,0.0,0.0,,8.0,"","",66.98113208
"Evaluation [*PASSED!*] • 50K (""EliteAccess""-EOD) • TopOneFutures-TOF189562",118580.0,118156.0,29645.0,29539.0,47.96,884.0,29424.0,2026-08-27 13:00:00 UTC,"",2026-08-27,11:46:29 EDT,0.0,"","",11895.0,"","","",29645.0,2,29539.0,424.0,"",0.0,0.0,MNQ,future,"",424.0,0.00358848,"",2026-08-27,08:28:14 EDT,,,106.0,42.0,884.0,29634.5,29424.0,"",,,false,"",short,Win,"","",MNQ,848.0,424.0,0.0,0.0,,2.0,"","",45.36817102
"Evaluation [*PASSED!*] • 50K (""EliteAccess""-EOD) • TopOneFutures-TOF189562",116276.25,115920.0,7751.75,7728.0,95.96,371.25,7727.0,2026-08-27 23:50:00 UTC,"",2026-08-27,18:27:15 EDT,0.0,"","",5586.0,"","","",7751.75,2,7728.0,356.25,"",0.0,0.0,MES,future,"",356.25,0.00307324,"",2026-08-27,16:54:09 EDT,,,23.75,255.0,360.0,7734.75,7727.75,"",,,false,"",short,Win,"","",MES,285.0,95.0,0.0,0.0,,3.0,"","",96.42857143
"Evaluation [*PASSED!*] • 50K (""EliteAccess""-EOD) • TopOneFutures-TOF189562",16808.0,16734.0,84.04,83.67,36.63,202.0,83.03,2026-08-28 01:30:00 UTC,"",2026-08-27,20:09:58 EDT,0.0,"","",7741.0,"","","",84.04,2,83.67,74.0,"",0.0,0.0,MCL,future,"",74.0,0.00442213,"",2026-08-27,18:00:57 EDT,,,0.37,72.0,128.0,83.68,83.4,"",,,false,"",short,Win,"","",MCL,74.0,37.0,0.0,0.0,,2.0,"","",3.57142857
"Evaluation [*PASSED!*] • 50K (""EliteAccess""-EOD) • TopOneFutures-TOF189562",46629.0,46563.0,4662.9,4656.3,7.97,828.0,4580.1,2026-08-28 14:00:00 UTC,"",2026-08-28,07:07:20 EDT,0.0,"","",616.0,"","","",4662.9,2,4656.3,66.0,"",0.0,0.0,MGC,future,"",66.0,0.00141743,"",2026-08-28,06:57:04 EDT,,,6.6,85.0,153.0,4654.4,4647.6,"",,,false,"",short,Win,"","",MGC,66.0,66.0,0.0,0.0,,1.0,"","",-27.94117647
"Evaluation [*PASSED!*] • 50K (""EliteAccess""-EOD) • TopOneFutures-TOF189562",16684.0,16606.0,83.42,83.03,49.37,158.0,82.23,2026-08-28 13:00:00 UTC,"",2026-08-28,07:12:42 EDT,0.0,"","",16944.0,"","","",83.42,4,83.03,78.0,"",0.0,0.0,MCL,future,"",78.0,0.0046971,"",2026-08-28,02:30:18 EDT,,,0.39,19.0,132.0,83.62,82.54,"",,,false,"",short,Win,"","",MCL,78.0,39.0,0.0,0.0,,2.0,"","",52.21238938
"Evaluation [*PASSED!*] • 50K (""EliteAccess""-EOD) • TopOneFutures-TOF189563",30250.0,30245.0,3025.0,3024.5,,,,,"",2026-08-24,03:26:02 EDT,0.0,"","",151.0,"","","",3025.0,2,3024.5,5.0,"",0.0,0.0,M2K,future,"",5.0,0.00016532,"",2026-08-24,03:23:31 EDT,,,0.5,,,,,"",,,false,"",short,Win,"","",M2K,10.0,5.0,0.0,0.0,,2.0,"","",
"Evaluation [*PASSED!*] • 50K (""EliteAccess""-EOD) • TopOneFutures-TOF189563",30245.0,30213.0,3024.5,3021.3,25.2,127.0,3002.3,2026-08-24 14:00:00 UTC,"",2026-08-24,04:27:21 EDT,0.0,"","",3654.0,"","","",3024.5,4,3021.3,32.0,"",0.0,0.0,M2K,future,"",32.0,0.00105915,"",2026-08-24,03:26:27 EDT,,,3.2,16.0,51.0,3024.5,3017.5,"",,,false,"",short,Win,"","",M2K,64.0,32.0,0.0,0.0,,2.0,"","",45.71428571
"Evaluation [*PASSED!*] • 50K (""EliteAccess""-EOD) • TopOneFutures-TOF189563",133072.5,133635.0,53229.0,53454.0,75.15,748.5,53547.0,2026-08-24 22:00:00 UTC,"",2026-08-24,13:32:35 EDT,0.0,"","",8682.0,"","","",53229.0,4,53454.0,562.5,"",0.0,0.0,MYM,future,"",562.5,0.00422702,"",2026-08-24,11:07:53 EDT,,,225.0,85.5,792.5,53384.0,53569.0,"",,,false,"",long,Win,"","",MYM,1125.0,225.0,0.0,0.0,,5.0,"","",67.46817539
"Evaluation [*PASSED!*] • 50K (""EliteAccess""-EOD) • TopOneFutures-TOF189563",104951.0,105105.0,2998.6,3003.0,70.0,220.0,3007.4,2026-08-25 03:30:00 UTC,"",2026-08-24,18:21:56 EDT,0.0,"","",2825.0,"","","",2998.6,10,3003.0,154.0,"",0.0,0.0,M2K,future,"",154.0,0.00146735,"",2026-08-24,17:34:51 EDT,,,4.4,29.0,241.5,3004.4,3005.9,"",,,false,"",long,Win,"","",M2K,308.0,44.0,0.0,0.0,,7.0,"","",58.82352941
"Evaluation [*PASSED!*] • 50K (""EliteAccess""-EOD) • TopOneFutures-TOF189563",160443.0,161064.99999999,53481.0,53688.33333333,102.22,608.5,53692.0,2026-08-26 03:00:00 UTC,"",2026-08-25,09:34:08 EDT,0.0,"","",20024.0,"","","",53481.0,8,53719.0,622.0,"",0.0,0.0,MYM,future,"",622.0,0.00387677,"",2026-08-25,04:00:24 EDT,,,207.33333333333333333333333333333,144.0,886.0,53555.0,53797.0,"",,,false,"",long,Win,"","",MYM,1243.99999999999999999999999999998,207.33333333333333333333333333333,0.0,0.0,,6.0,"","",64.42048518
"Evaluation [*PASSED!*] • 50K (""EliteAccess""-EOD) • TopOneFutures-TOF189563",134217.5,134347.5,53687.0,53739.0,40.94,317.5,53814.0,2026-08-26 22:00:00 UTC,"",2026-08-26,12:28:02 EDT,0.0,"","",30941.0,"","","",53687.0,2,53739.0,130.0,"",0.0,0.0,MYM,future,"",130.0,0.00096858,"",2026-08-26,03:52:21 EDT,,,52.0,-552.5,217.5,53466.0,53774.0,"",,,false,"",long,Win,"","",MYM,260.0,52.0,0.0,0.0,,5.0,"","",59.77011494
"Evaluation [*PASSED!*] • 50K (""EliteAccess""-EOD) • TopOneFutures-TOF189563",120176.0,120488.0,3004.4,3012.2,61.54,507.0,3020.0,2026-08-26 22:00:00 UTC,"",2026-08-26,13:38:48 EDT,0.0,"","",2660.0,"","","",3004.4,6,3012.2,312.0,"",0.0,0.0,M2K,future,"",312.0,0.00259619,"",2026-08-26,12:54:28 EDT,,,7.8,7.0,217.5,3005.1,3009.5,"",,,false,"",long,Win,"","",M2K,624.0,78.0,0.0,0.0,,8.0,"","",144.89311164
"Evaluation [*PASSED!*] • 50K (""EliteAccess""-EOD) • TopOneFutures-TOF189563",120780.0,120496.0,3019.5,3012.4,53.38,532.0,3006.2,2026-08-27 01:00:00 UTC,"",2026-08-26,20:10:02 EDT,0.0,"","",22060.0,"","","",3019.5,2,3012.4,284.0,"",0.0,0.0,M2K,future,"",284.0,0.00235692,"",2026-08-26,14:02:22 EDT,,,7.1,-20.0,424.0,3020.0,3008.9,"",,,false,"",short,Win,"","",M2K,568.0,71.0,0.0,0.0,,8.0,"","",66.98113208
"Evaluation [*PASSED!*] • 50K (""EliteAccess""-EOD) • TopOneFutures-TOF189563",134182.5,134157.5,53673.0,53663.0,,,,,"",2026-08-26,20:10:02 EDT,0.0,"","",118.0,"","","",53673.0,2,53663.0,25.0,"",0.0,0.0,MYM,future,"",25.0,0.00018635,"",2026-08-26,20:08:04 EDT,,,10.0,-205.0,0.0,53755.0,53747.0,"",,,false,"",short,Win,"","",MYM,50.0,10.0,0.0,0.0,,5.0,"","",12.19512195
"Evaluation [*PASSED!*] • 50K (""EliteAccess""-EOD) • TopOneFutures-TOF189563",118580.0,118156.0,29645.0,29539.0,47.96,884.0,29424.0,2026-08-27 13:00:00 UTC,"",2026-08-27,11:46:29 EDT,0.0,"","",11895.0,"","","",29645.0,2,29539.0,424.0,"",0.0,0.0,MNQ,future,"",424.0,0.00358848,"",2026-08-27,08:28:14 EDT,,,106.0,42.0,884.0,29634.5,29424.0,"",,,false,"",short,Win,"","",MNQ,848.0,424.0,0.0,0.0,,2.0,"","",45.36817102
"Evaluation [*PASSED!*] • 50K (""EliteAccess""-EOD) • TopOneFutures-TOF189563",116276.25,115920.0,7751.75,7728.0,95.96,371.25,7727.0,2026-08-27 23:50:00 UTC,"",2026-08-27,18:27:15 EDT,0.0,"","",5586.0,"","","",7751.75,2,7728.0,356.25,"",0.0,0.0,MES,future,"",356.25,0.00307324,"",2026-08-27,16:54:09 EDT,,,23.75,255.0,360.0,7734.75,7727.75,"",,,false,"",short,Win,"","",MES,285.0,95.0,0.0,0.0,,3.0,"","",96.42857143
"Evaluation [*PASSED!*] • 50K (""EliteAccess""-EOD) • TopOneFutures-TOF189563",16808.0,16736.0,84.04,83.68,35.64,202.0,83.03,2026-08-28 01:30:00 UTC,"",2026-08-27,20:10:02 EDT,0.0,"","",7745.0,"","","",84.04,2,83.68,72.0,"",0.0,0.0,MCL,future,"",72.0,0.0043021,"",2026-08-27,18:00:57 EDT,,,0.36,72.0,134.0,83.68,83.37,"",,,false,"",short,Win,"","",MCL,72.0,36.0,0.0,0.0,,2.0,"","",0.0
"Evaluation [*PASSED!*] • 50K (""EliteAccess""-EOD) • TopOneFutures-TOF189563",16684.0,16556.0,83.42,82.78,69.95,183.0,82.23,2026-08-28 13:00:00 UTC,"",2026-08-28,06:45:23 EDT,0.0,"","",15305.0,"","","",83.42,4,82.78,128.0,"",0.0,0.0,MCL,future,"",128.0,0.00773134,"",2026-08-28,02:30:18 EDT,,,0.64,44.0,152.0,83.62,82.54,"",,,false,"",short,Win,"","",MCL,128.0,64.0,0.0,0.0,,2.0,"","",77.77777778
{ FUNDED | sim } [IN-PROGRESS] • 50K (EOD) • TopOneFutures-TOF197288,90600.0,90339.0,3020.0,3011.3,32.71,798.0,2993.4,2026-08-28 14:00:00 UTC,"",2026-08-28,09:42:26 EDT,0.0,"","",744.0,"","","",3020.0,2,3011.3,261.0,"",0.0,0.0,M2K,future,"",261.0,0.00288912,"",2026-08-28,09:30:02 EDT,,,8.7,-126.0,294.0,3024.2,3010.2,"",,,false,"",short,Win,"","",M2K,522.0,87.0,0.0,0.0,,6.0,"","",88.7755102
{ FUNDED | sim } [IN-PROGRESS] • 50K (EOD) • TopOneFutures-TOF197288,107374.0,107182.0,53687.0,53591.0,61.54,312.0,53531.0,2026-08-28 14:00:00 UTC,"",2026-08-28,10:13:42 EDT,0.0,"","",7186.0,"","","",53687.0,2,53591.0,192.0,"",0.0,0.0,MYM,future,"",192.0,0.00179135,"",2026-08-28,08:13:56 EDT,,,96.0,-202.0,222.0,53788.0,53576.0,"",,,false,"",short,Win,"","",MYM,384.0,96.0,0.0,0.0,,4.0,"","",86.48648649
{ FUNDED | sim } [IN-PROGRESS] • 50K (EOD) • TopOneFutures-TOF197288,89583.0,89313.0,2986.1,2977.1,,51.0,2987.8,2026-08-28 16:00:00 UTC,"",2026-08-28,16:10:02 EDT,0.0,"","",15195.0,"","","",2986.1,2,2977.1,-270.0,"",0.0,0.0,M2K,future,"",-270.0,-0.00301396,"",2026-08-28,11:56:47 EDT,,,-9.0,-285.0,51.0,2976.6,2987.8,"",,,false,"",long,Loss,"","",M2K,-540.0,-90.0,0.0,0.0,,6.0,"","",-94.73684211
{ FUNDED | sim } [IN-PROGRESS] • 50K (EOD) • TopOneFutures-TOF197288,90496.0,90416.0,4524.8,4520.8,54.79,146.0,4517.5,2026-09-03 20:10:00 UTC,"",2026-09-03,16:09:50 EDT,0.0,"","",4570.0,"","","",4524.8,2,4520.8,80.0,"",0.0,0.0,MGC,future,"",80.0,0.0008848,"",2026-09-03,14:53:40 EDT,,,4.0,-74.0,124.0,4528.5,4518.6,"",,,false,"",short,Win,"","",MGC,80.0,40.0,0.0,0.0,,2.0,"","",64.51612903
{ FUNDED | sim } [IN-PROGRESS] • 50K (EOD) • TopOneFutures-TOF197288,155105.0,155030.0,7755.25,7751.5,8.33,900.0,7710.25,2026-09-04 15:00:00 UTC,"",2026-09-04,08:07:01 EDT,0.0,"","",18087.0,"","","",7755.25,2,7751.5,75.0,"",0.0,0.0,MES,future,"",75.0,0.00048378,"",2026-09-04,03:05:34 EDT,,,3.75,-175.0,90.0,7764.0,7750.75,"",,,false,"",short,Win,"","",MES,60.0,15.0,0.0,0.0,,4.0,"","",83.33333333
{ FUNDED | sim } [IN-PROGRESS] • 50K (EOD) • TopOneFutures-TOF197288,44589.0,44596.0,4458.9,4459.6,2.58,271.0,4486.0,2026-09-08 01:00:00 UTC,"",2026-09-07,12:17:12 EDT,0.0,"","",2415.0,"","","",4458.9,2,4459.6,7.0,"",0.0,0.0,MGC,future,"",7.0,0.00015699,"",2026-09-07,11:36:57 EDT,,,0.7,-44.0,42.0,4454.5,4463.1,"",,,false,"",long,Win,"","",MGC,7.0,7.0,0.0,0.0,,1.0,"","",16.66666667
{ FUNDED | sim } [IN-PROGRESS] • 50K (EOD) • TopOneFutures-TOF197288,23989.5,23596.5,79965.0,78655.0,50.58,777.0,77375.0,2026-09-11 15:00:00 UTC,"",2026-09-11,10:43:59 EDT,0.0,"","",2453.0,"","","",79965.0,2,78655.0,393.0,"",0.0,0.0,MBT,future,"",393.0,0.01665501,"",2026-09-11,10:03:06 EDT,,,1310.0,88.5,394.5,79670.0,78650.0,"",,,false,"",short,Win,"","",MBT,786.0,262.0,0.0,0.0,,3.0,"","",99.50980392
{ FUNDED | sim } [IN-PROGRESS] • 50K (EOD) • TopOneFutures-TOF197288,7921.0,7917.5,79210.0,79175.0,,,,,"",2026-09-14,16:09:55 EDT,0.0,"","",254.0,"","","",79210.0,2,79175.0,-3.5,"",0.0,0.0,MBT,future,"",-3.5,-0.00044186,"",2026-09-14,16:05:41 EDT,,,-35.0,,,,,"",,,false,"",long,Loss,"","",MBT,-7.0,-7.0,0.0,0.0,,1.0,"","",
{ FUNDED | sim } [IN-PROGRESS] • 50K (EOD) • TopOneFutures-TOF197288,22552.5,22797.0,75175.0,75990.0,70.56,346.5,76330.0,2026-09-15 19:10:00 UTC,"",2026-09-15,16:09:51 EDT,0.0,"","",4881.0,"","","",75175.0,2,75990.0,244.5,"",0.0,0.0,MBT,future,"",244.5,0.01084137,"",2026-09-15,14:48:30 EDT,,,815.0,-73.5,346.5,74930.0,76330.0,"",,,false,"",long,Win,"","",MBT,489.0,163.0,0.0,0.0,,3.0,"","",70.56277056
{ FUNDED | sim } [IN-PROGRESS] • 50K (EOD) • TopOneFutures-TOF197292,90600.0,90339.0,3020.0,3011.3,32.71,798.0,2993.4,2026-08-28 14:00:00 UTC,"",2026-08-28,09:42:26 EDT,0.0,"","",744.0,"","","",3020.0,2,3011.3,261.0,"",0.0,0.0,M2K,future,"",261.0,0.00288912,"",2026-08-28,09:30:02 EDT,,,8.7,-126.0,294.0,3024.2,3010.2,"",,,false,"",short,Win,"","",M2K,522.0,87.0,0.0,0.0,,6.0,"","",88.7755102
{ FUNDED | sim } [IN-PROGRESS] • 50K (EOD) • TopOneFutures-TOF197292,107374.0,107182.0,53687.0,53591.0,61.54,312.0,53531.0,2026-08-28 14:00:00 UTC,"",2026-08-28,10:13:42 EDT,0.0,"","",7186.0,"","","",53687.0,2,53591.0,192.0,"",0.0,0.0,MYM,future,"",192.0,0.00179135,"",2026-08-28,08:13:56 EDT,,,96.0,-202.0,222.0,53788.0,53576.0,"",,,false,"",short,Win,"","",MYM,384.0,96.0,0.0,0.0,,4.0,"","",86.48648649
{ FUNDED | sim } [IN-PROGRESS] • 50K (EOD) • TopOneFutures-TOF197292,89583.0,89313.0,2986.1,2977.1,,51.0,2987.8,2026-08-28 16:00:00 UTC,"",2026-08-28,16:10:02 EDT,0.0,"","",15195.0,"","","",2986.1,2,2977.1,-270.0,"",0.0,0.0,M2K,future,"",-270.0,-0.00301396,"",2026-08-28,11:56:47 EDT,,,-9.0,-285.0,51.0,2976.6,2987.8,"",,,false,"",long,Loss,"","",M2K,-540.0,-90.0,0.0,0.0,,6.0,"","",-94.73684211
{ FUNDED | sim } [IN-PROGRESS] • 50K (EOD) • TopOneFutures-TOF197292,90496.0,90416.0,4524.8,4520.8,54.79,146.0,4517.5,2026-09-03 20:10:00 UTC,"",2026-09-03,16:09:50 EDT,0.0,"","",4570.0,"","","",4524.8,2,4520.8,80.0,"",0.0,0.0,MGC,future,"",80.0,0.0008848,"",2026-09-03,14:53:40 EDT,,,4.0,-74.0,124.0,4528.5,4518.6,"",,,false,"",short,Win,"","",MGC,80.0,40.0,0.0,0.0,,2.0,"","",64.51612903
{ FUNDED | sim } [IN-PROGRESS] • 50K (EOD) • TopOneFutures-TOF197292,155105.0,155030.0,7755.25,7751.5,8.33,900.0,7710.25,2026-09-04 15:00:00 UTC,"",2026-09-04,08:07:01 EDT,0.0,"","",18087.0,"","","",7755.25,2,7751.5,75.0,"",0.0,0.0,MES,future,"",75.0,0.00048378,"",2026-09-04,03:05:34 EDT,,,3.75,-175.0,90.0,7764.0,7750.75,"",,,false,"",short,Win,"","",MES,60.0,15.0,0.0,0.0,,4.0,"","",83.33333333
{ FUNDED | sim } [IN-PROGRESS] • 50K (EOD) • TopOneFutures-TOF197292,44589.0,44596.0,4458.9,4459.6,2.58,271.0,4486.0,2026-09-08 01:00:00 UTC,"",2026-09-07,12:17:12 EDT,0.0,"","",2415.0,"","","",4458.9,2,4459.6,7.0,"",0.0,0.0,MGC,future,"",7.0,0.00015699,"",2026-09-07,11:36:57 EDT,,,0.7,-44.0,42.0,4454.5,4463.1,"",,,false,"",long,Win,"","",MGC,7.0,7.0,0.0,0.0,,1.0,"","",16.66666667
{ FUNDED | sim } [IN-PROGRESS] • 50K (EOD) • TopOneFutures-TOF197292,23989.5,23596.5,79965.0,78655.0,50.58,777.0,77375.0,2026-09-11 15:00:00 UTC,"",2026-09-11,10:43:59 EDT,0.0,"","",2453.0,"","","",79965.0,2,78655.0,393.0,"",0.0,0.0,MBT,future,"",393.0,0.01665501,"",2026-09-11,10:03:06 EDT,,,1310.0,88.5,394.5,79670.0,78650.0,"",,,false,"",short,Win,"","",MBT,786.0,262.0,0.0,0.0,,3.0,"","",99.50980392
{ FUNDED | sim } [IN-PROGRESS] • 50K (EOD) • TopOneFutures-TOF197292,7921.0,7917.5,79210.0,79175.0,,,,,"",2026-09-14,16:09:55 EDT,0.0,"","",254.0,"","","",79210.0,2,79175.0,-3.5,"",0.0,0.0,MBT,future,"",-3.5,-0.00044186,"",2026-09-14,16:05:41 EDT,,,-35.0,,,,,"",,,false,"",long,Loss,"","",MBT,-7.0,-7.0,0.0,0.0,,1.0,"","",
{ FUNDED | sim } [IN-PROGRESS] • 50K (EOD) • TopOneFutures-TOF197292,22552.5,22797.0,75175.0,75990.0,70.56,346.5,76330.0,2026-09-15 19:10:00 UTC,"",2026-09-15,16:09:51 EDT,0.0,"","",4881.0,"","","",75175.0,2,75990.0,244.5,"",0.0,0.0,MBT,future,"",244.5,0.01084137,"",2026-09-15,14:48:30 EDT,,,815.0,-73.5,346.5,74930.0,76330.0,"",,,false,"",long,Win,"","",MBT,489.0,163.0,0.0,0.0,,3.0,"","",70.56277056
{ FUNDED | sim } [IN-PROGRESS] • 50K (Intraday) • TakeProfitTrader-PRO-781112132,76895.0,76907.5,7689.5,7690.75,6.67,187.5,7708.25,2026-08-31 19:50:00 UTC,"",2026-08-31,15:23:00 EDT,0.0,"","",533.0,"","","",7689.5,2,7690.75,12.5,"",0.0,0.0,MES,future,"",12.5,0.00016256,"",2026-08-31,15:14:07 EDT,,,1.25,-20.0,32.5,7687.5,7692.75,"",,,false,"",long,Win,"","",MES,10.0,5.0,0.0,0.0,,2.0,"","",38.46153846
{ FUNDED | sim } [IN-PROGRESS] • 50K (Intraday) • TakeProfitTrader-PRO-781112132,58280.5,58510.5,29140.25,29255.25,64.97,354.0,29317.25,2026-09-01 15:00:00 UTC,"",2026-09-01,10:48:21 EDT,0.0,"","",1996.0,"","","",29140.25,2,29255.25,230.0,"",0.0,0.0,MNQ,future,"",230.0,0.00394643,"",2026-09-01,10:15:05 EDT,,,115.0,-9.0,256.0,29135.75,29268.25,"",,,false,"",long,Win,"","",MNQ,460.0,460.0,0.0,0.0,,1.0,"","",89.84375
{ FUNDED | sim } [IN-PROGRESS] • 50K (Intraday) • TakeProfitTrader-PRO-781112132,58346.0,58082.0,29173.0,29041.0,77.08,342.5,29001.75,2026-09-01 18:00:00 UTC,"",2026-09-01,14:42:42 EDT,0.0,"","",8076.0,"","","",29173.0,2,29041.0,264.0,"",0.0,0.0,MNQ,future,"",264.0,0.0045453,"",2026-09-01,12:28:06 EDT,,,132.0,-49.0,342.5,29197.5,29001.75,"",,,false,"",short,Win,"","",MNQ,528.0,528.0,0.0,0.0,,1.0,"","",77.08029197
{ FUNDED | sim } [IN-PROGRESS] • 50K (Intraday) • TakeProfitTrader-PRO-781112132,214948.0,214908.0,53737.0,53727.0,31.25,128.0,53705.0,2026-09-03 22:00:00 UTC,"",2026-09-03,16:44:57 EDT,0.0,"","",6443.0,"","","",53737.0,2,53727.0,40.0,"",0.0,0.0,MYM,future,"",40.0,0.00018613,"",2026-09-03,14:57:34 EDT,,,10.0,-168.0,76.0,53779.0,53718.0,"",,,false,"",short,Win,"","",MYM,80.0,10.0,0.0,0.0,,8.0,"","",52.63157895
{ FUNDED | sim } [IN-PROGRESS] • 50K (Intraday) • TakeProfitTrader-PRO-781112132,118346.0,118684.0,29586.5,29671.0,,473.0,29468.25,2026-09-04 17:00:00 UTC,"",2026-09-04,08:27:57 EDT,0.0,"","",19429.0,"","","",29586.5,2,29671.0,-338.0,"",0.0,0.0,MNQ,future,"",-338.0,-0.0028479,"",2026-09-04,03:04:08 EDT,,,-84.5,-448.0,0.0,29698.5,29616.25,"",,,false,"",short,Loss,"","",MNQ,-676.0,-338.0,0.0,0.0,,2.0,"","",-75.44642857
{ FUNDED | sim } [IN-PROGRESS] • 50K (Intraday) • TakeProfitTrader-PRO-781112132,89648.0,89552.0,4482.4,4477.6,,,,,"",2026-09-04,16:45:04 EDT,0.0,"","",4449.0,"","","",4482.4,2,4477.6,-96.0,"",0.0,0.0,MGC,future,"",-96.0,-0.00107085,"",2026-09-04,15:30:55 EDT,,,-4.8,-128.0,52.0,4476.0,4485.0,"",,,false,"",long,Loss,"","",MGC,-96.0,-48.0,0.0,0.0,,2.0,"","",-75.0
{ FUNDED | sim } [IN-PROGRESS] • 50K (Intraday) • TakeProfitTrader-PRO-781112132,118864.0,118996.0,2971.6,2974.9,,,,,"",2026-09-04,16:45:04 EDT,0.0,"","",5820.0,"","","",2971.6,2,2974.9,-132.0,"",0.0,0.0,M2K,future,"",-132.0,-0.00110928,"",2026-09-04,15:08:04 EDT,,,-3.3,-312.0,24.0,2979.4,2971.0,"",,,false,"",short,Loss,"","",M2K,-264.0,-33.0,0.0,0.0,,8.0,"","",-42.30769231
{ FUNDED | sim } [IN-PROGRESS] • 50K (Intraday) • TakeProfitTrader-PRO-781112132,59482.0,59478.0,2974.1,2973.9,,,,,"",2026-09-04,16:47:55 EDT,0.0,"","",1.0,"","","",2974.1,2,2973.9,-4.0,"",0.0,0.0,M2K,future,"",-4.0,-0.00006725,"",2026-09-04,16:47:54 EDT,,,-0.2,,,,,"",,,false,"",long,Loss,"","",M2K,-8.0,-2.0,0.0,0.0,,4.0,"","",
{ FUNDED | sim } [IN-PROGRESS] • 50K (Intraday) • TakeProfitTrader-PRO-781112132,44759.0,44781.0,4475.9,4478.1,,44759.0,0.0,1970-01-01 00:00:00 UTC,"",2026-09-04,16:55:01 EDT,0.0,"","",240.0,"","","",4475.9,2,4478.1,-22.0,"",0.0,0.0,MGC,future,"",-22.0,-0.00049128,"",2026-09-04,16:51:01 EDT,,,-2.2,-27.0,0.0,4478.6,4476.0,"",,,false,"",short,Loss,"","",MGC,-22.0,-22.0,0.0,0.0,,1.0,"","",-81.48148148
{ FUNDED | sim } [IN-PROGRESS] • 50K (Intraday) • TakeProfitTrader-PRO-781112132,119048.0,118864.0,2976.2,2971.6,42.99,428.0,2965.5,2026-09-07 11:00:00 UTC,"",2026-09-07,00:35:24 EDT,0.0,"","",14199.0,"","","",2976.2,2,2971.6,184.0,"",0.0,0.0,M2K,future,"",184.0,0.00154799,"",2026-09-06,20:38:45 EDT,,,4.6,-56.0,192.0,2977.6,2971.4,"",,,false,"",short,Win,"","",M2K,368.0,46.0,0.0,0.0,,8.0,"","",95.83333333
{ FUNDED | sim } [IN-PROGRESS] • 50K (Intraday) • TakeProfitTrader-PRO-781112132,88094.0,88304.0,4404.7,4415.2,44.49,472.0,4428.3,2026-09-09 02:30:00 UTC,"",2026-09-08,14:53:54 EDT,0.0,"","",115.0,"","","",4404.7,2,4415.2,210.0,"",0.0,0.0,MGC,future,"",210.0,0.00238382,"",2026-09-08,14:51:59 EDT,,,10.5,-50.0,220.0,4402.2,4415.7,"",,,false,"",long,Win,"","",MGC,210.0,105.0,0.0,0.0,,2.0,"","",95.45454545
{ FUNDED | sim } [IN-PROGRESS] • 50K (Intraday) • TakeProfitTrader-PRO-781112132,88776.0,88524.0,4438.8,4426.2,64.29,392.0,4419.2,2026-09-09 15:00:00 UTC,"",2026-09-09,11:06:10 EDT,0.0,"","",33697.0,"","","",4438.8,2,4426.2,252.0,"",0.0,0.0,MGC,future,"",252.0,0.00284669,"",2026-09-09,01:44:33 EDT,,,12.6,-802.0,276.0,4478.9,4425.0,"",,,false,"",short,Win,"","",MGC,252.0,126.0,0.0,0.0,,2.0,"","",91.30434783
{ FUNDED | sim } [IN-PROGRESS] • 50K (Intraday) • TakeProfitTrader-PRO-781112132,145350.0,145275.0,2907.0,2905.5,,,,,"",2026-09-11,16:45:03 EDT,0.0,"","",625.0,"","","",2907.0,2,2905.5,-75.0,"",0.0,0.0,M2K,future,"",-75.0,-0.000516,"",2026-09-11,16:34:38 EDT,,,-1.5,-100.0,40.0,2905.0,2907.8,"",,,false,"",long,Loss,"","",M2K,-150.0,-15.0,0.0,0.0,,10.0,"","",-75.0
{ FUNDED | sim } [IN-PROGRESS] • 50K (Intraday) • TakeProfitTrader-PRO-781112132,20010.0,20014.0,100.05,100.07,,20010.0,0.0,1970-01-01 00:00:00 UTC,"",2026-09-11,16:55:02 EDT,0.0,"","",145.0,"","","",100.05,2,100.07,-4.0,"",0.0,0.0,MCL,future,"",-4.0,-0.00019986,"",2026-09-11,16:52:37 EDT,,,-0.02,-4.0,8.0,100.07,100.01,"",,,false,"",short,Loss,"","",MCL,-4.0,-2.0,0.0,0.0,,2.0,"","",-100.0
{ FUNDED | sim } [IN-PROGRESS] • 50K (Intraday) • TakeProfitTrader-PRO-781112132,72625.0,72627.5,2905.0,2905.1,,,,,"",2026-09-11,16:55:02 EDT,0.0,"","",509.0,"","","",2905.0,2,2905.1,2.5,"",0.0,0.0,M2K,future,"",2.5,0.00003442,"",2026-09-11,16:46:33 EDT,,,0.1,-27.5,17.5,2903.9,2905.7,"",,,false,"",long,Win,"","",M2K,5.0,1.0,0.0,0.0,,5.0,"","",14.28571429
{ FUNDED | sim } [IN-PROGRESS] • 50K (Intraday) • TakeProfitTrader-PRO-781112132,86772.0,87106.0,4338.6,4355.3,81.86,408.0,4359.0,2026-09-14 16:00:00 UTC,"",2026-09-14,12:48:36 EDT,0.0,"","",3864.0,"","","",4338.6,2,4355.3,334.0,"",0.0,0.0,MGC,future,"",334.0,0.00384917,"",2026-09-14,11:44:12 EDT,,,16.7,-232.0,364.0,4327.0,4356.8,"",,,false,"",long,Win,"","",MGC,334.0,167.0,0.0,0.0,,2.0,"","",91.75824176
{ FUNDED | sim } [IN-PROGRESS] • 50K (Intraday) • TakeProfitTrader-PRO-781112132,57496.0,57520.0,2874.8,2876.0,27.91,86.0,2879.1,2026-09-15 20:50:00 UTC,"",2026-09-15,16:55:01 EDT,0.0,"","",2432.0,"","","",2874.8,2,2876.0,24.0,"",0.0,0.0,M2K,future,"",24.0,0.00041742,"",2026-09-15,16:14:29 EDT,,,1.2,-12.0,84.0,2874.2,2879.0,"",,,false,"",long,Win,"","",M2K,48.0,12.0,0.0,0.0,,4.0,"","",28.57142857
{ FUNDED | sim } [IN-PROGRESS] • 50K (Intraday) • TakeProfitTrader-PRO-781112132,43322.0,43328.0,4332.2,4332.8,,74.0,4324.8,2026-09-15 23:00:00 UTC,"",2026-09-15,16:55:01 EDT,0.0,"","",464.0,"","","",4332.2,2,4332.8,-6.0,"",0.0,0.0,MGC,future,"",-6.0,-0.00013848,"",2026-09-15,16:47:17 EDT,,,-0.6,-22.0,4.0,4334.4,4331.8,"",,,false,"",short,Loss,"","",MGC,-6.0,-6.0,0.0,0.0,,1.0,"","",-27.27272727
Evaluation [IN-PROGRESS] • 50K (FULL) • ApexLegacy-484839-11,90496.0,90416.0,4524.8,4520.8,54.79,146.0,4517.5,2026-09-03 20:10:00 UTC,"",2026-09-03,16:09:50 EDT,0.0,"","",4570.0,"","","",4524.8,2,4520.8,80.0,"",0.0,0.0,MGC,future,"",80.0,0.0008848,"",2026-09-03,14:53:40 EDT,,,4.0,-74.0,124.0,4528.5,4518.6,"",,,false,"",short,Win,"","",MGC,80.0,40.0,0.0,0.0,,2.0,"","",64.51612903
Evaluation [IN-PROGRESS] • 50K (FULL) • ApexLegacy-484839-11,155105.0,155030.0,7755.25,7751.5,8.33,900.0,7710.25,2026-09-04 15:00:00 UTC,"",2026-09-04,08:07:01 EDT,0.0,"","",18087.0,"","","",7755.25,2,7751.5,75.0,"",0.0,0.0,MES,future,"",75.0,0.00048378,"",2026-09-04,03:05:34 EDT,,,3.75,-175.0,90.0,7764.0,7750.75,"",,,false,"",short,Win,"","",MES,60.0,15.0,0.0,0.0,,4.0,"","",83.33333333
Evaluation [IN-PROGRESS] • 50K (FULL) • ApexLegacy-484839-11,44589.0,44596.0,4458.9,4459.6,2.58,271.0,4486.0,2026-09-08 01:00:00 UTC,"",2026-09-07,12:17:12 EDT,0.0,"","",2415.0,"","","",4458.9,2,4459.6,7.0,"",0.0,0.0,MGC,future,"",7.0,0.00015699,"",2026-09-07,11:36:57 EDT,,,0.7,-44.0,42.0,4454.5,4463.1,"",,,false,"",long,Win,"","",MGC,7.0,7.0,0.0,0.0,,1.0,"","",16.66666667
Evaluation [IN-PROGRESS] • 50K (FULL) • ApexLegacy-484839-11,44046.0,44055.0,4404.6,4405.5,3.8,237.0,4428.3,2026-09-09 02:50:00 UTC,"",2026-09-08,14:52:00 EDT,0.0,"","",1.0,"","","",4404.6,2,4405.5,9.0,"",0.0,0.0,MGC,future,"",9.0,0.00020433,"",2026-09-08,14:51:59 EDT,,,0.9,0.0,23.0,4404.6,4406.9,"",,,false,"",long,Win,"","",MGC,9.0,9.0,0.0,0.0,,1.0,"","",39.13043478
Evaluation [IN-PROGRESS] • 50K (FULL) • ApexLegacy-484839-11,59040.5,59049.5,29520.25,29524.75,,61.0,29489.75,2026-09-08 23:50:00 UTC,"",2026-09-08,16:59:00 EDT,0.0,"","",626.0,"","","",29520.25,2,29524.75,-9.0,"",0.0,0.0,MNQ,future,"",-9.0,-0.00015241,"",2026-09-08,16:48:34 EDT,,,-4.5,-14.5,0.0,29527.5,29520.25,"",,,false,"",short,Loss,"","",MNQ,-18.0,-18.0,0.0,0.0,,1.0,"","",-62.06896552
Evaluation [IN-PROGRESS] • 50K (FULL) • ApexLegacy-484839-11,23989.5,23596.5,79965.0,78655.0,50.58,777.0,77375.0,2026-09-11 15:00:00 UTC,"",2026-09-11,10:43:59 EDT,0.0,"","",2453.0,"","","",79965.0,2,78655.0,393.0,"",0.0,0.0,MBT,future,"",393.0,0.01665501,"",2026-09-11,10:03:06 EDT,,,1310.0,88.5,394.5,79670.0,78650.0,"",,,false,"",short,Win,"","",MBT,786.0,262.0,0.0,0.0,,3.0,"","",99.50980392
Evaluation [IN-PROGRESS] • 50K (FULL) • ApexLegacy-484839-11,7921.0,7935.5,79210.0,79355.0,26.36,55.0,79760.0,2026-09-14 20:20:00 UTC,"",2026-09-14,16:12:53 EDT,0.0,"","",432.0,"","","",79210.0,2,79355.0,14.5,"",0.0,0.0,MBT,future,"",14.5,0.00183058,"",2026-09-14,16:05:41 EDT,,,145.0,-4.5,16.5,79165.0,79375.0,"",,,false,"",long,Win,"","",MBT,29.0,29.0,0.0,0.0,,1.0,"","",87.87878788
Evaluation [IN-PROGRESS] • 50K (FULL) • ApexLegacy-484839-11,15923.0,15851.0,79615.0,79255.0,,,,,"",2026-09-14,16:58:59 EDT,0.0,"","",1484.0,"","","",79615.0,2,79255.0,-72.0,"",0.0,0.0,MBT,future,"",-72.0,-0.00452176,"",2026-09-14,16:34:15 EDT,,,-360.0,-71.0,0.0,79260.0,79595.0,"",,,false,"",long,Loss,"","",MBT,-144.0,-72.0,0.0,0.0,,2.0,"","",-101.4084507
Evaluation [IN-PROGRESS] • 50K (FULL) • ApexLegacy-484839-11,15738.0,15641.0,78690.0,78205.0,54.19,179.0,77795.0,2026-09-15 01:10:00 UTC,"",2026-09-14,19:52:25 EDT,0.0,"","",5196.0,"","","",78690.0,2,78205.0,97.0,"",0.0,0.0,MBT,future,"",97.0,0.00620165,"",2026-09-14,18:25:49 EDT,,,485.0,-22.0,97.0,78800.0,78205.0,"",,,false,"",short,Win,"","",MBT,194.0,97.0,0.0,0.0,,2.0,"","",100.0
Evaluation [IN-PROGRESS] • 50K (FULL) • ApexLegacy-484839-11,22552.5,22789.5,75175.0,75965.0,68.4,346.5,76330.0,2026-09-15 19:10:00 UTC,"",2026-09-15,16:59:11 EDT,0.0,"","",7841.0,"","","",75175.0,2,75965.0,237.0,"",0.0,0.0,MBT,future,"",237.0,0.01050881,"",2026-09-15,14:48:30 EDT,,,790.0,-73.5,346.5,74930.0,76330.0,"",,,false,"",long,Win,"","",MBT,474.0,158.0,0.0,0.0,,3.0,"","",68.3982684
Evaluation [IN-PROGRESS] • 50K (FULL) • ApexLegacy-484839-12,90496.0,90416.0,4524.8,4520.8,54.79,146.0,4517.5,2026-09-03 20:10:00 UTC,"",2026-09-03,16:09:50 EDT,0.0,"","",4570.0,"","","",4524.8,2,4520.8,80.0,"",0.0,0.0,MGC,future,"",80.0,0.0008848,"",2026-09-03,14:53:40 EDT,,,4.0,-74.0,124.0,4528.5,4518.6,"",,,false,"",short,Win,"","",MGC,80.0,40.0,0.0,0.0,,2.0,"","",64.51612903
Evaluation [IN-PROGRESS] • 50K (FULL) • ApexLegacy-484839-12,155105.0,155030.0,7755.25,7751.5,8.33,900.0,7710.25,2026-09-04 15:00:00 UTC,"",2026-09-04,08:07:01 EDT,0.0,"","",18087.0,"","","",7755.25,2,7751.5,75.0,"",0.0,0.0,MES,future,"",75.0,0.00048378,"",2026-09-04,03:05:34 EDT,,,3.75,-175.0,90.0,7764.0,7750.75,"",,,false,"",short,Win,"","",MES,60.0,15.0,0.0,0.0,,4.0,"","",83.33333333
Evaluation [IN-PROGRESS] • 50K (FULL) • ApexLegacy-484839-12,44589.0,44596.0,4458.9,4459.6,2.58,271.0,4486.0,2026-09-08 01:00:00 UTC,"",2026-09-07,12:17:12 EDT,0.0,"","",2415.0,"","","",4458.9,2,4459.6,7.0,"",0.0,0.0,MGC,future,"",7.0,0.00015699,"",2026-09-07,11:36:57 EDT,,,0.7,-44.0,42.0,4454.5,4463.1,"",,,false,"",long,Win,"","",MGC,7.0,7.0,0.0,0.0,,1.0,"","",16.66666667
Evaluation [IN-PROGRESS] • 50K (FULL) • ApexLegacy-484839-12,44046.0,44055.0,4404.6,4405.5,3.8,237.0,4428.3,2026-09-09 02:50:00 UTC,"",2026-09-08,14:52:00 EDT,0.0,"","",1.0,"","","",4404.6,2,4405.5,9.0,"",0.0,0.0,MGC,future,"",9.0,0.00020433,"",2026-09-08,14:51:59 EDT,,,0.9,0.0,23.0,4404.6,4406.9,"",,,false,"",long,Win,"","",MGC,9.0,9.0,0.0,0.0,,1.0,"","",39.13043478
Evaluation [IN-PROGRESS] • 50K (FULL) • ApexLegacy-484839-12,59039.5,59049.5,29519.75,29524.75,,60.0,29489.75,2026-09-08 23:50:00 UTC,"",2026-09-08,16:59:00 EDT,0.0,"","",619.0,"","","",29519.75,2,29524.75,-10.0,"",0.0,0.0,MNQ,future,"",-10.0,-0.00016935,"",2026-09-08,16:48:41 EDT,,,-5.0,-15.5,0.0,29527.5,29520.25,"",,,false,"",short,Loss,"","",MNQ,-20.0,-20.0,0.0,0.0,,1.0,"","",-64.51612903
Evaluation [IN-PROGRESS] • 50K (FULL) • ApexLegacy-484839-12,23989.5,23596.5,79965.0,78655.0,50.58,777.0,77375.0,2026-09-11 15:00:00 UTC,"",2026-09-11,10:43:59 EDT,0.0,"","",2453.0,"","","",79965.0,2,78655.0,393.0,"",0.0,0.0,MBT,future,"",393.0,0.01665501,"",2026-09-11,10:03:06 EDT,,,1310.0,88.5,394.5,79670.0,78650.0,"",,,false,"",short,Win,"","",MBT,786.0,262.0,0.0,0.0,,3.0,"","",99.50980392
Evaluation [IN-PROGRESS] • 50K (FULL) • ApexLegacy-484839-12,7921.0,7935.5,79210.0,79355.0,26.36,55.0,79760.0,2026-09-14 20:20:00 UTC,"",2026-09-14,16:12:53 EDT,0.0,"","",432.0,"","","",79210.0,2,79355.0,14.5,"",0.0,0.0,MBT,future,"",14.5,0.00183058,"",2026-09-14,16:05:41 EDT,,,145.0,-4.5,16.5,79165.0,79375.0,"",,,false,"",long,Win,"","",MBT,29.0,29.0,0.0,0.0,,1.0,"","",87.87878788
Evaluation [IN-PROGRESS] • 50K (FULL) • ApexLegacy-484839-12,23925.0,23883.0,79750.0,79610.0,28.57,147.0,79260.0,2026-09-14 20:50:00 UTC,"",2026-09-14,16:32:02 EDT,0.0,"","",511.0,"","","",79750.0,2,79610.0,42.0,"",0.0,0.0,MBT,future,"",42.0,0.00175857,"",2026-09-14,16:23:31 EDT,,,140.0,22.5,82.5,79675.0,79475.0,"",,,false,"",short,Win,"","",MBT,84.0,28.0,0.0,0.0,,3.0,"","",32.5
Evaluation [IN-PROGRESS] • 50K (FULL) • ApexLegacy-484839-12,22552.5,22783.5,75175.0,75945.0,66.67,346.5,76330.0,2026-09-15 19:10:00 UTC,"",2026-09-15,16:58:17 EDT,0.0,"","",7787.0,"","","",75175.0,2,75945.0,231.0,"",0.0,0.0,MBT,future,"",231.0,0.01024277,"",2026-09-15,14:48:30 EDT,,,770.0,-73.5,346.5,74930.0,76330.0,"",,,false,"",long,Win,"","",MBT,462.0,154.0,0.0,0.0,,3.0,"","",66.66666667
Evaluation [IN-PROGRESS] • 25K • LucidFlex-E02590489830001,107474.0,107454.0,53737.0,53727.0,31.25,64.0,53705.0,2026-09-03 22:00:00 UTC,"",2026-09-03,16:44:57 EDT,0.0,"","",6442.0,"","","",53737.0,2,53727.0,20.0,"",0.0,0.0,MYM,future,"",20.0,0.00018613,"",2026-09-03,14:57:35 EDT,,,10.0,-84.0,38.0,53779.0,53718.0,"",,,false,"",short,Win,"","",MYM,40.0,10.0,0.0,0.0,,4.0,"","",52.63157895
Evaluation [IN-PROGRESS] • 25K • LucidFlex-E02590489830001,59171.5,59112.0,29585.75,29556.0,25.32,235.0,29468.25,2026-09-04 17:00:00 UTC,"",2026-09-04,08:30:07 EDT,0.0,"","",19561.0,"","","",29585.75,2,29556.0,59.5,"",0.0,0.0,MNQ,future,"",59.5,0.00100656,"",2026-09-04,03:04:06 EDT,,,29.75,-268.5,79.0,29720.0,29546.25,"",,,false,"",short,Win,"","",MNQ,119.0,119.0,0.0,0.0,,1.0,"","",75.3164557
Evaluation [IN-PROGRESS] • 25K • LucidFlex-E02590489830001,44824.0,44775.0,4482.4,4477.5,,,,,"",2026-09-04,16:45:02 EDT,0.0,"","",4448.0,"","","",4482.4,2,4477.5,-49.0,"",0.0,0.0,MGC,future,"",-49.0,-0.00109316,"",2026-09-04,15:30:54 EDT,,,-4.9,-64.0,26.0,4476.0,4485.0,"",,,false,"",long,Loss,"","",MGC,-49.0,-49.0,0.0,0.0,,1.0,"","",-76.5625
Evaluation [IN-PROGRESS] • 25K • LucidFlex-E02590489830001,59432.0,59498.0,2971.6,2974.9,,,,,"",2026-09-04,16:45:02 EDT,0.0,"","",5818.0,"","","",2971.6,2,2974.9,-66.0,"",0.0,0.0,M2K,future,"",-66.0,-0.00110928,"",2026-09-04,15:08:04 EDT,,,-3.3,-156.0,12.0,2979.4,2971.0,"",,,false,"",short,Loss,"","",M2K,-132.0,-33.0,0.0,0.0,,4.0,"","",-42.30769231
Evaluation [IN-PROGRESS] • 25K • LucidFlex-E02590489830001,59524.0,59432.0,2976.2,2971.6,42.99,214.0,2965.5,2026-09-07 11:00:00 UTC,"",2026-09-07,00:35:24 EDT,0.0,"","",14199.0,"","","",2976.2,2,2971.6,92.0,"",0.0,0.0,M2K,future,"",92.0,0.00154799,"",2026-09-06,20:38:45 EDT,,,4.6,-28.0,96.0,2977.6,2971.4,"",,,false,"",short,Win,"","",M2K,184.0,46.0,0.0,0.0,,4.0,"","",95.83333333
Evaluation [IN-PROGRESS] • 25K • LucidFlex-E02590489830001,44047.0,44152.0,4404.7,4415.2,44.49,236.0,4428.3,2026-09-09 02:30:00 UTC,"",2026-09-08,14:53:54 EDT,0.0,"","",115.0,"","","",4404.7,2,4415.2,105.0,"",0.0,0.0,MGC,future,"",105.0,0.00238382,"",2026-09-08,14:51:59 EDT,,,10.5,-25.0,110.0,4402.2,4415.7,"",,,false,"",long,Win,"","",MGC,105.0,105.0,0.0,0.0,,1.0,"","",95.45454545
Evaluation [IN-PROGRESS] • 25K • LucidFlex-E02590489830001,72675.0,72637.5,2907.0,2905.5,,,,,"",2026-09-11,16:45:02 EDT,0.0,"","",624.0,"","","",2907.0,2,2905.5,-37.5,"",0.0,0.0,M2K,future,"",-37.5,-0.000516,"",2026-09-11,16:34:38 EDT,,,-1.5,-50.0,20.0,2905.0,2907.8,"",,,false,"",long,Loss,"","",M2K,-75.0,-15.0,0.0,0.0,,5.0,"","",-75.0
Evaluation [IN-PROGRESS] • 25K • LucidFlex-E02590489830001,44388.0,43387.0,4438.8,4338.7,68.75,1456.0,4293.2,2026-09-14 13:00:00 UTC,"",2026-09-14,11:44:12 EDT,0.0,"","",467979.0,"","","",4438.8,2,4338.7,1001.0,"",0.0,0.0,MGC,future,"",1001.0,0.02307143,"",2026-09-09,01:44:33 EDT,,,100.1,-405.0,1456.0,4479.3,4293.2,"",,,false,"",short,Win,"","",MGC,1001.0,1001.0,0.0,0.0,,1.0,"","",68.75
Evaluation [IN-PROGRESS] • 25K • LucidFlex-E02590489830001,44262.0,43553.0,4426.2,4355.3,,531.0,4479.3,2026-09-10 05:00:00 UTC,"",2026-09-14,12:48:36 EDT,0.0,"","",438146.0,"","","",4426.2,2,4355.3,-709.0,"",0.0,0.0,MGC,future,"",-709.0,-0.01601825,"",2026-09-09,11:06:10 EDT,,,-70.9,-1330.0,531.0,4293.2,4479.3,"",,,false,"",long,Loss,"","",MGC,-709.0,-709.0,0.0,0.0,,1.0,"","",-53.30827068
Evaluation [IN-PROGRESS] • 25K • LucidFlex-E02590489830001,28748.0,28766.0,2874.8,2876.6,41.86,43.0,2879.1,2026-09-15 20:50:00 UTC,"",2026-09-15,16:42:59 EDT,0.0,"","",1710.0,"","","",2874.8,2,2876.6,18.0,"",0.0,0.0,M2K,future,"",18.0,0.00062613,"",2026-09-15,16:14:29 EDT,,,1.8,-6.0,25.0,2874.2,2877.3,"",,,false,"",long,Win,"","",M2K,36.0,18.0,0.0,0.0,,2.0,"","",72.0
"Evaluation [IN-PROGRESS] • 50K (""EliteAccess""-EOD) • TopOneFutures-TOF218430",22552.5,22797.0,75175.0,75990.0,70.56,346.5,76330.0,2026-09-15 19:10:00 UTC,"",2026-09-15,16:09:51 EDT,0.0,"","",4881.0,"","","",75175.0,2,75990.0,244.5,"",0.0,0.0,MBT,future,"",244.5,0.01084137,"",2026-09-15,14:48:30 EDT,,,815.0,-73.5,346.5,74930.0,76330.0,"",,,false,"",long,Win,"","",MBT,489.0,163.0,0.0,0.0,,3.0,"","",70.56277056
"Evaluation [IN-PROGRESS] • 50K (""EliteAccess""-EOD) • TopOneFutures-TOF218431",22552.5,22797.0,75175.0,75990.0,70.56,346.5,76330.0,2026-09-15 19:10:00 UTC,"",2026-09-15,16:09:51 EDT,0.0,"","",4881.0,"","","",75175.0,2,75990.0,244.5,"",0.0,0.0,MBT,future,"",244.5,0.01084137,"",2026-09-15,14:48:30 EDT,,,815.0,-73.5,346.5,74930.0,76330.0,"",,,false,"",long,Win,"","",MBT,489.0,163.0,0.0,0.0,,3.0,"","",70.56277056
